{
  "type": "FeatureCollection",
  "features": [
    {
      "type": "Feature",
      "id": 3057,
      "geometry": {
        "type": "Polygon",
        "coordinates": [
          [
            [
              -90.3355449997049,
              41.672480999850436
            ],
            [
              -90.33572899982792,
              41.670431999881075
            ],
            [
              -90.33591499960076,
              41.66928500027655
            ],
            [
              -90.33642900033497,
              41.66613199987212
            ],
            [
              -90.33648200003842,
              41.665847000003595
            ],
            [
              -90.33669600029866,
              41.66470600007739
            ],
            [
              -90.33672899991062,
              41.66453199971749
            ],
            [
              -90.33707399969212,
              41.6634920001733
            ],
            [
              -90.33718500002021,
              41.66303099975977
            ],
            [
              -90.33728700012745,
              41.662613999828345
            ],
            [
              -90.33763100008403,
              41.66149400028198
            ],
            [
              -90.33765299982535,
              41.66142399995715
            ],
            [
              -90.33802000024646,
              41.66053899973818
            ],
            [
              -90.3382830000122,
              41.65996300029609
            ],
            [
              -90.3385080001431,
              41.659471000216364
            ],
            [
              -90.33884399970376,
              41.6586319998172
            ],
            [
              -90.33908499972819,
              41.6581630000421
            ],
            [
              -90.33933199960038,
              41.65768600000875
            ],
            [
              -90.33975900029597,
              41.656861999741466
            ],
            [
              -90.33985899985507,
              41.65659900003503
            ],
            [
              -90.33993300037324,
              41.65640499969603
            ],
            [
              -90.34015400030619,
              41.65582499997861
            ],
            [
              -90.34022899975095,
              41.65563200004967
            ],
            [
              -90.34040399965312,
              41.65518399990505
            ],
            [
              -90.34058000027854,
              41.65473600000019
            ],
            [
              -90.34119299984862,
              41.65316899971706
            ],
            [
              -90.34174299966952,
              41.652101000137314
            ],
            [
              -90.34223099956617,
              41.650964000146764
            ],
            [
              -90.34250599992578,
              41.65005599989597
            ],
            [
              -90.34287199962367,
              41.64922500026627
            ],
            [
              -90.3431620000519,
              41.64814100032632
            ],
            [
              -90.3432459997175,
              41.647797000282985
            ],
            [
              -90.34345199958182,
              41.646958999710144
            ],
            [
              -90.34345800032791,
              41.646828000008455
            ],
            [
              -90.34351299968118,
              41.645691999798274
            ],
            [
              -90.34349799961257,
              41.64453299980269
            ],
            [
              -90.34332899955815,
              41.64323200010708
            ],
            [
              -90.3433300002814,
              41.64107500027102
            ],
            [
              -90.3433300002814,
              41.64085500012081
            ],
            [
              -90.34281100042261,
              41.63807099988043
            ],
            [
              -90.34250599992578,
              41.63431700009004
            ],
            [
              -90.34227699959692,
              41.630906999929536
            ],
            [
              -90.34212799963402,
              41.62924699986958
            ],
            [
              -90.34205900003704,
              41.628471999736405
            ],
            [
              -90.34199000044006,
              41.62769800017765
            ],
            [
              -90.34197100017349,
              41.62748900008372
            ],
            [
              -90.34201600037932,
              41.62512399994532
            ],
            [
              -90.34199899976257,
              41.62475699967647
            ],
            [
              -90.34194000021134,
              41.623476000011564
            ],
            [
              -90.34182300003548,
              41.62267700014047
            ],
            [
              -90.34164999978313,
              41.62148400010759
            ],
            [
              -90.34134199981153,
              41.61977100027163
            ],
            [
              -90.34128400008522,
              41.619447000170986
            ],
            [
              -90.34113099992435,
              41.61788299984844
            ],
            [
              -90.34091800038733,
              41.61647200032929
            ],
            [
              -90.34098899963413,
              41.61509600000199
            ],
            [
              -90.34100799990071,
              41.61471400011604
            ],
            [
              -90.34102799999218,
              41.61433199998252
            ],
            [
              -90.34100700007579,
              41.614114999983826
            ],
            [
              -90.34098600015939,
              41.61389799992672
            ],
            [
              -90.34098000031162,
              41.61384000000757
            ],
            [
              -90.34097500028874,
              41.61378200003627
            ],
            [
              -90.34097100009078,
              41.61374500008518
            ],
            [
              -90.34094199977845,
              41.61343799994502
            ],
            [
              -90.34090800034159,
              41.61309500007942
            ],
            [
              -90.34082600032582,
              41.61224699970848
            ],
            [
              -90.34080000038657,
              41.61198499997077
            ],
            [
              -90.34074400031004,
              41.61139900027906
            ],
            [
              -90.34072800041653,
              41.61123200018884
            ],
            [
              -90.34056400038499,
              41.60952600010331
            ],
            [
              -90.34031599978957,
              41.606935999687636
            ],
            [
              -90.34007800013819,
              41.60448699992072
            ],
            [
              -90.34002299988661,
              41.603910000310414
            ],
            [
              -90.33984499961137,
              41.602037999898
            ],
            [
              -90.33982700006801,
              41.60184200010863
            ],
            [
              -90.33980899962636,
              41.60164099995313
            ],
            [
              -90.33975300044818,
              41.601057999700195
            ],
            [
              -90.33972300031095,
              41.600739000158796
            ],
            [
              -90.33964200012011,
              41.59983500001822
            ],
            [
              -90.33952800031729,
              41.59863300028805
            ],
            [
              -90.33965200016584,
              41.598134000235376
            ],
            [
              -90.33989099964212,
              41.59718099969701
            ],
            [
              -90.34012699964367,
              41.59623600030449
            ],
            [
              -90.34083499964834,
              41.59340200007834
            ],
            [
              -90.34107200037312,
              41.592458000140226
            ],
            [
              -90.34122800000873,
              41.59183500003716
            ],
            [
              -90.34138299981943,
              41.59121199996806
            ],
            [
              -90.34152799958439,
              41.59063299979434
            ],
            [
              -90.34239200012297,
              41.58920799976798
            ],
            [
              -90.34322800017414,
              41.58783300022944
            ],
            [
              -90.3470560000775,
              41.586336999837336
            ],
            [
              -90.35164200021424,
              41.5845439999711
            ],
            [
              -90.35192800044452,
              41.58443300014828
            ],
            [
              -90.35218399963925,
              41.58433399998186
            ],
            [
              -90.35495200008378,
              41.58326699997724
            ],
            [
              -90.35518899991023,
              41.5831720000597
            ],
            [
              -90.35590000028795,
              41.58288999966518
            ],
            [
              -90.35613799993929,
              41.58279700022292
            ],
            [
              -90.35764699983504,
              41.58219800010696
            ],
            [
              -90.35854800018356,
              41.58184199997781
            ],
            [
              -90.36095800042779,
              41.58088800026458
            ],
            [
              -90.36196600000808,
              41.5804900000369
            ],
            [
              -90.36217600007038,
              41.58040600009073
            ],
            [
              -90.3629729997635,
              41.580091000159335
            ],
            [
              -90.36332900031395,
              41.57995000010816
            ],
            [
              -90.36368599979102,
              41.579807999859916
            ],
            [
              -90.3641279996569,
              41.5796330001845
            ],
            [
              -90.36456600022312,
              41.579557000285256
            ],
            [
              -90.3646699999802,
              41.579539000189925
            ],
            [
              -90.3652979996189,
              41.57942799982713
            ],
            [
              -90.37099799964119,
              41.57843500020799
            ],
            [
              -90.37238000021361,
              41.57819399981632
            ],
            [
              -90.37255400029089,
              41.57816299977872
            ],
            [
              -90.37376199988773,
              41.57795299986926
            ],
            [
              -90.37627099986618,
              41.57751599995516
            ],
            [
              -90.37722300026832,
              41.57734900020814
            ],
            [
              -90.37877999984462,
              41.57707799984062
            ],
            [
              -90.37942000007719,
              41.57696600001872
            ],
            [
              -90.38005899958658,
              41.57685499993756
            ],
            [
              -90.38132900000603,
              41.57663299987501
            ],
            [
              -90.3822439996999,
              41.57639000026672
            ],
            [
              -90.38264799993095,
              41.57628300031521
            ],
            [
              -90.38366999975497,
              41.576013000126885
            ],
            [
              -90.38509599981003,
              41.575634999848624
            ],
            [
              -90.38741099961972,
              41.57502099970924
            ],
            [
              -90.3897260003277,
              41.574406999781296
            ],
            [
              -90.39382799986745,
              41.57331999993736
            ],
            [
              -90.39410900007485,
              41.57324499999256
            ],
            [
              -90.39793000030554,
              41.57223299994632
            ],
            [
              -90.3994900002549,
              41.571453000208194
            ],
            [
              -90.3998290001886,
              41.57128300017843
            ],
            [
              -90.40417000010297,
              41.56911300026696
            ],
            [
              -90.40573000005233,
              41.56833299982147
            ],
            [
              -90.40718600024461,
              41.567715999941264
            ],
            [
              -90.41155399992314,
              41.565866000001286
            ],
            [
              -90.4128250001675,
              41.565328999799206
            ],
            [
              -90.41298400017615,
              41.56520599984567
            ],
            [
              -90.41354599969263,
              41.564741999781994
            ],
            [
              -90.41452999988181,
              41.56393299978749
            ],
            [
              -90.41525200013017,
              41.56337700028596
            ],
            [
              -90.41583000043849,
              41.56293300018356
            ],
            [
              -90.41587100044636,
              41.56288099972976
            ],
            [
              -90.41599699994474,
              41.562726999769026
            ],
            [
              -90.41603899977754,
              41.5626759999761
            ],
            [
              -90.41640100017578,
              41.56223000011144
            ],
            [
              -90.41676299967573,
              41.561782999688866
            ],
            [
              -90.41687099963076,
              41.56164899984996
            ],
            [
              -90.41694000012605,
              41.56156500027074
            ],
            [
              -90.41711599985314,
              41.56134700011717
            ],
            [
              -90.41882999978829,
              41.55923300011218
            ],
            [
              -90.41930900036239,
              41.55852700013587
            ],
            [
              -90.42005300035207,
              41.55743500012674
            ],
            [
              -90.42064099980782,
              41.55656799977184
            ],
            [
              -90.42107500017609,
              41.555932000269095
            ],
            [
              -90.4220970000001,
              41.554428999743614
            ],
            [
              -90.42223000006948,
              41.554232999945924
            ],
            [
              -90.422506000254,
              41.55407600002565
            ],
            [
              -90.42341799957485,
              41.55356099977672
            ],
            [
              -90.42364000023102,
              41.55343500005964
            ],
            [
              -90.42430700022778,
              41.55305799973803
            ],
            [
              -90.42452999981055,
              41.552933000017966
            ],
            [
              -90.42456999999352,
              41.55291200032635
            ],
            [
              -90.42468999964413,
              41.55284899986596
            ],
            [
              -90.424730999652,
              41.552828999781646
            ],
            [
              -90.424814000391,
              41.55278499970886
            ],
            [
              -90.42506299991302,
              41.55265600023955
            ],
            [
              -90.4251469995786,
              41.552612999686986
            ],
            [
              -90.42602299981274,
              41.552158000123136
            ],
            [
              -90.42609399995787,
              41.55212200011993
            ],
            [
              -90.42703999961391,
              41.55163199983785
            ],
            [
              -90.42723100030793,
              41.5515329998155
            ],
            [
              -90.42873799965551,
              41.55098400017911
            ],
            [
              -90.4296669995931,
              41.55064699987336
            ],
            [
              -90.43058200018531,
              41.55031399986642
            ],
            [
              -90.43273100031364,
              41.54953300003965
            ],
            [
              -90.43319200044608,
              41.54909499978883
            ],
            [
              -90.43389999955242,
              41.54842599977005
            ],
            [
              -90.43425000025512,
              41.548092999751795
            ],
            [
              -90.43530100039145,
              41.54709700000506
            ],
            [
              -90.43565200002072,
              41.54676500026544
            ],
            [
              -90.43667899986761,
              41.54579099996865
            ],
            [
              -90.43681399958683,
              41.54566400015254
            ],
            [
              -90.43797500022633,
              41.544563999879095
            ],
            [
              -90.4384310003359,
              41.54413299998261
            ],
            [
              -90.43946400003057,
              41.54289799970837
            ],
            [
              -90.4396079999706,
              41.542724000021316
            ],
            [
              -90.43998999956203,
              41.54226800031268
            ],
            [
              -90.44051699981672,
              41.54163800015807
            ],
            [
              -90.44111900041449,
              41.54091700033126
            ],
            [
              -90.44292799988588,
              41.53875299983411
            ],
            [
              -90.44353100030855,
              41.53803299998079
            ],
            [
              -90.44387100006718,
              41.53765299966565
            ],
            [
              -90.44489100024136,
              41.536513000117196
            ],
            [
              -90.44523099999998,
              41.536133000285275
            ],
            [
              -90.44543799968923,
              41.535968000282395
            ],
            [
              -90.44564500027677,
              41.53580199996076
            ],
            [
              -90.44600299957874,
              41.535513999809645
            ],
            [
              -90.4477309997576,
              41.534133000224436
            ],
            [
              -90.44832999998229,
              41.53366899966771
            ],
            [
              -90.44911300033003,
              41.53306400032941
            ],
            [
              -90.44947400000505,
              41.53278400032082
            ],
            [
              -90.45055899957826,
              41.53194399974759
            ],
            [
              -90.4509209999765,
              41.53166500023256
            ],
            [
              -90.45113199986372,
              41.53150100022848
            ],
            [
              -90.4517650004236,
              41.53101099968295
            ],
            [
              -90.45197799996063,
              41.5308480000128
            ],
            [
              -90.45386799962287,
              41.529384999955276
            ],
            [
              -90.4565459996557,
              41.52731399971981
            ],
            [
              -90.45954099988094,
              41.52499599967158
            ],
            [
              -90.46111300042419,
              41.52378000007603
            ],
            [
              -90.46127200043284,
              41.52365600033547
            ],
            [
              -90.46143200026643,
              41.52353299977232
            ],
            [
              -90.46401200038997,
              41.522773000063594
            ],
            [
              -90.47175199986229,
              41.520491999707595
            ],
            [
              -90.47433199998584,
              41.519733000076975
            ],
            [
              -90.47487599995897,
              41.51967999970113
            ],
            [
              -90.47500700037853,
              41.519666999805345
            ],
            [
              -90.47529500025863,
              41.5196399998583
            ],
            [
              -90.47542099975699,
              41.51962800010239
            ],
            [
              -90.47656499977975,
              41.51951799988226
            ],
            [
              -90.47703400030811,
              41.519471999710326
            ],
            [
              -90.47770999962741,
              41.51940800014774
            ],
            [
              -90.47806799982769,
              41.51937399970285
            ],
            [
              -90.47817400013291,
              41.5193630000496
            ],
            [
              -90.47842500020307,
              41.519338999760265
            ],
            [
              -90.47923000029212,
              41.51926200008911
            ],
            [
              -90.47956900022582,
              41.519228999721534
            ],
            [
              -90.48003399965792,
              41.5191850003263
            ],
            [
              -90.48836999988023,
              41.51838299971759
            ],
            [
              -90.4894870001388,
              41.51827700007439
            ],
            [
              -90.48993300020264,
              41.51823300003188
            ],
            [
              -90.4900140003935,
              41.518230999692946
            ],
            [
              -90.49148200028134,
              41.51820300032209
            ],
            [
              -90.49528300042053,
              41.518132999824076
            ],
            [
              -90.49604300030373,
              41.51811900011896
            ],
            [
              -90.49680300018693,
              41.5181049997382
            ],
            [
              -90.49747600003147,
              41.518092000198706
            ],
            [
              -90.49813899983029,
              41.51808000015576
            ],
            [
              -90.49947500037197,
              41.518054999891056
            ],
            [
              -90.49954999981675,
              41.5180530002192
            ],
            [
              -90.49977599977255,
              41.518049000202716
            ],
            [
              -90.49985199994053,
              41.518048000030426
            ],
            [
              -90.50030700022519,
              41.51803899982416
            ],
            [
              -90.5006329997401,
              41.51803300013439
            ],
            [
              -90.50166999963274,
              41.51810099972498
            ],
            [
              -90.5021249999174,
              41.51813200032569
            ],
            [
              -90.50242600021629,
              41.51815199970729
            ],
            [
              -90.50333099986443,
              41.51821199983292
            ],
            [
              -90.50363299998824,
              41.51823300003188
            ],
            [
              -90.50533299967967,
              41.518532999728194
            ],
            [
              -90.50547800034293,
              41.51855100000208
            ],
            [
              -90.50763400014397,
              41.51883300005174
            ],
            [
              -90.5110510001436,
              41.519267999664955
            ],
            [
              -90.5112279996956,
              41.51929099982754
            ],
            [
              -90.51174599972947,
              41.519356999809965
            ],
            [
              -90.51288700027747,
              41.5195020001771
            ],
            [
              -90.51290900001878,
              41.519504999953945
            ],
            [
              -90.51296500009529,
              41.519512000329605
            ],
            [
              -90.51313400014968,
              41.51953300010673
            ],
            [
              -90.51318900040128,
              41.51954800032772
            ],
            [
              -90.51397100002576,
              41.51976100013107
            ],
            [
              -90.51643399997344,
              41.520432999813515
            ],
            [
              -90.51715700004674,
              41.5206289998357
            ],
            [
              -90.5253080003211,
              41.522839999955956
            ],
            [
              -90.52823400005106,
              41.523632999706614
            ],
            [
              -90.52906500007937,
              41.523857999834455
            ],
            [
              -90.53249700014761,
              41.524785999817546
            ],
            [
              -90.53268200009555,
              41.524836999912004
            ],
            [
              -90.53285799982264,
              41.524884999766364
            ],
            [
              -90.53303500027296,
              41.52493300025772
            ],
            [
              -90.53387499962378,
              41.52507299991805
            ],
            [
              -90.53639399964797,
              41.52549299977181
            ],
            [
              -90.537234999722,
              41.525633000238095
            ],
            [
              -90.5379739996888,
              41.52573200023607
            ],
            [
              -90.54019499978716,
              41.52603200014046
            ],
            [
              -90.54093499957885,
              41.526133000295204
            ],
            [
              -90.54103800040933,
              41.52612399986833
            ],
            [
              -90.5411410003415,
              41.526115000112696
            ],
            [
              -90.54185500019393,
              41.52605199977076
            ],
            [
              -90.5433380001504,
              41.52592400014683
            ],
            [
              -90.54461500024256,
              41.52581199976368
            ],
            [
              -90.5455349999593,
              41.52573200023607
            ],
            [
              -90.5474149995758,
              41.525470999853525
            ],
            [
              -90.55305400039701,
              41.524690999995926
            ],
            [
              -90.55493499983842,
              41.524432000269364
            ],
            [
              -90.55521000019804,
              41.5243899998525
            ],
            [
              -90.55548399983441,
              41.52434800008088
            ],
            [
              -90.55559199978946,
              41.524331000149566
            ],
            [
              -90.5562350003951,
              41.524232000025606
            ],
            [
              -90.55659000022234,
              41.524019000142175
            ],
            [
              -90.55738699991545,
              41.5235399997122
            ],
            [
              -90.55773500007,
              41.52333200002199
            ],
            [
              -90.55795699982785,
              41.523196999748826
            ],
            [
              -90.55957399967862,
              41.52221600019999
            ],
            [
              -90.56383599995024,
              41.51963200002127
            ],
            [
              -90.56440699968756,
              41.51924299985915
            ],
            [
              -90.56597199965978,
              41.51817999977284
            ],
            [
              -90.56598099988062,
              41.51817299992577
            ],
            [
              -90.56600699981989,
              41.51815500021937
            ],
            [
              -90.56601699986562,
              41.51814899986773
            ],
            [
              -90.56615800033096,
              41.5180530002192
            ],
            [
              -90.56622299972996,
              41.51800799985153
            ],
            [
              -90.56623799979857,
              41.51799800013925
            ],
            [
              -90.56625600024024,
              41.51798499990559
            ],
            [
              -90.56630899994369,
              41.51794899971061
            ],
            [
              -90.56632800021026,
              41.51793700031383
            ],
            [
              -90.56650899996022,
              41.51785500011607
            ],
            [
              -90.56705399975827,
              41.517612000109395
            ],
            [
              -90.56723600023146,
              41.517531999860516
            ],
            [
              -90.5680349995744,
              41.517284999922666
            ],
            [
              -90.57043399994798,
              41.51654699974827
            ],
            [
              -90.57113600010484,
              41.51633199973142
            ],
            [
              -90.57123800021209,
              41.516321000233845
            ],
            [
              -90.57150500017579,
              41.516291000310396
            ],
            [
              -90.57203599973012,
              41.51623199994954
            ],
            [
              -90.57230699989178,
              41.51620399971388
            ],
            [
              -90.57257499968038,
              41.51617699966734
            ],
            [
              -90.573330000439,
              41.51609600013276
            ],
            [
              -90.57349199992241,
              41.516079000051484
            ],
            [
              -90.5755959998449,
              41.51586600023745
            ],
            [
              -90.57593599960352,
              41.515831999949604
            ],
            [
              -90.57635200042844,
              41.51578700005557
            ],
            [
              -90.57759099998742,
              41.51565200018574
            ],
            [
              -90.57883000044474,
              41.515518000245756
            ],
            [
              -90.57968300021435,
              41.51542500002392
            ],
            [
              -90.58053599998397,
              41.51533199966846
            ],
            [
              -90.58161499970937,
              41.515188000264814
            ],
            [
              -90.58202899998616,
              41.51513299976811
            ],
            [
              -90.58276700012804,
              41.51488799986171
            ],
            [
              -90.58285099979364,
              41.51485999971729
            ],
            [
              -90.58293600018246,
              41.514832000233355
            ],
            [
              -90.58363199959324,
              41.51470599971527
            ],
            [
              -90.58432700007741,
              41.51457900007132
            ],
            [
              -90.58487400042358,
              41.51447999982645
            ],
            [
              -90.58542000004654,
              41.51437999987384
            ],
            [
              -90.58623600000622,
              41.51423200011786
            ],
            [
              -90.58659900022938,
              41.514125000169855
            ],
            [
              -90.5884799996708,
              41.51357800026237
            ],
            [
              -90.58860500024258,
              41.513542000306806
            ],
            [
              -90.58872999991605,
              41.513505000088664
            ],
            [
              -90.59007899997822,
              41.51311100019936
            ],
            [
              -90.59103700022813,
              41.51283200019315
            ],
            [
              -90.59122600037402,
              41.512737999893744
            ],
            [
              -90.59144800013186,
              41.51262699981522
            ],
            [
              -90.59166900006478,
              41.51251600021907
            ],
            [
              -90.59183700029428,
              41.512432000034494
            ],
            [
              -90.59186800025644,
              41.51241900002823
            ],
            [
              -90.59387199972147,
              41.511631999701514
            ],
            [
              -90.59436499964097,
              41.51143900016311
            ],
            [
              -90.59442599974035,
              41.51141500029878
            ],
            [
              -90.5945410002664,
              41.51137000002469
            ],
            [
              -90.59463699962754,
              41.51133200030704
            ],
            [
              -90.59523699967717,
              41.511032000195
            ],
            [
              -90.59611499956114,
              41.51039499985853
            ],
            [
              -90.600631000276,
              41.50712199999487
            ],
            [
              -90.60167800021438,
              41.506364999683655
            ],
            [
              -90.60190800036813,
              41.50619799974392
            ],
            [
              -90.60213699979869,
              41.50603199973148
            ],
            [
              -90.60239700008968,
              41.50489200003107
            ],
            [
              -90.60268099977182,
              41.5036479998299
            ],
            [
              -90.60311799961482,
              41.501727000015954
            ],
            [
              -90.60317700006435,
              41.501472000257294
            ],
            [
              -90.60322499974495,
              41.50126299985675
            ],
            [
              -90.60333100005015,
              41.50079799997077
            ],
            [
              -90.60343700035536,
              41.50033199966382
            ],
            [
              -90.60364499986949,
              41.499471000113225
            ],
            [
              -90.6042370004215,
              41.497031999802296
            ],
            [
              -90.6043069998434,
              41.496904999801274
            ],
            [
              -90.60473700001371,
              41.496131999711686
            ],
            [
              -90.60493500038044,
              41.49581799999993
            ],
            [
              -90.60552899968395,
              41.494875999805316
            ],
            [
              -90.6057279998756,
              41.4945629999226
            ],
            [
              -90.60593600028804,
              41.49423200024349
            ],
            [
              -90.60621699959712,
              41.494026000313
            ],
            [
              -90.60653299996463,
              41.49379699993488
            ],
            [
              -90.60756999985726,
              41.49303999995472
            ],
            [
              -90.60800900024839,
              41.492719000148945
            ],
            [
              -90.60860599992498,
              41.492282999875435
            ],
            [
              -90.61059199984668,
              41.490831999788206
            ],
            [
              -90.61276000024158,
              41.489250000197494
            ],
            [
              -90.61654999961182,
              41.48648200031057
            ],
            [
              -90.61691299983497,
              41.48621799982902
            ],
            [
              -90.61772499959667,
              41.48562499969163
            ],
            [
              -90.61853700025675,
              41.48503200018358
            ],
            [
              -90.61886199994676,
              41.48489900014006
            ],
            [
              -90.61918599981185,
              41.484765999823544
            ],
            [
              -90.62073700043868,
              41.484132000259706
            ],
            [
              -90.62099600000646,
              41.48401700016884
            ],
            [
              -90.62151200039051,
              41.48379100016213
            ],
            [
              -90.62596799993258,
              41.4818309999836
            ],
            [
              -90.62830200000883,
              41.48080300000633
            ],
            [
              -90.63042299964975,
              41.47987099974632
            ],
            [
              -90.6305800000086,
              41.47980200029399
            ],
            [
              -90.63073800019234,
              41.47973200000393
            ],
            [
              -90.63099099991233,
              41.47958999968327
            ],
            [
              -90.63137300040206,
              41.47937799972505
            ],
            [
              -90.63175300034365,
              41.47916599974636
            ],
            [
              -90.63180400039728,
              41.47913800030685
            ],
            [
              -90.63200799971347,
              41.479025000306734
            ],
            [
              -90.63203200000291,
              41.47901000011914
            ],
            [
              -90.63206999963774,
              41.47899000008802
            ],
            [
              -90.63210700034598,
              41.478967999844734
            ],
            [
              -90.63220500025527,
              41.47891499974804
            ],
            [
              -90.63237299958645,
              41.47882300022651
            ],
            [
              -90.6325380003412,
              41.47873200000798
            ],
            [
              -90.63898599965277,
              41.47421000005514
            ],
            [
              -90.64023799963056,
              41.47333200007244
            ],
            [
              -90.64199099992378,
              41.47187700012422
            ],
            [
              -90.64367800009474,
              41.470476999932444
            ],
            [
              -90.64536400044078,
              41.46907699979666
            ],
            [
              -90.65023799955931,
              41.4650320000858
            ],
            [
              -90.65583899984736,
              41.46213199981322
            ],
            [
              -90.65791900037871,
              41.46183200001997
            ],
            [
              -90.66052600026646,
              41.46145600014142
            ],
            [
              -90.66415900017616,
              41.460931999718255
            ],
            [
              -90.66521299978722,
              41.46078000015479
            ],
            [
              -90.6657259997982,
              41.460705999999206
            ],
            [
              -90.6662389998092,
              41.46063199975924
            ],
            [
              -90.66677899958435,
              41.46063199975924
            ],
            [
              -90.66704800009619,
              41.46063199975924
            ],
            [
              -90.66839899980816,
              41.46063199975924
            ],
            [
              -90.66893899958335,
              41.46063199975924
            ],
            [
              -90.6704140000422,
              41.460671999699294
            ],
            [
              -90.67148000024714,
              41.46069999971002
            ],
            [
              -90.67189000032596,
              41.460710999903235
            ],
            [
              -90.67380599992748,
              41.46076199997917
            ],
            [
              -90.67572099970407,
              41.460813000015
            ],
            [
              -90.67643899975447,
              41.46083199988611
            ],
            [
              -90.67720799985848,
              41.46060399971914
            ],
            [
              -90.67881800003657,
              41.46012599976725
            ],
            [
              -90.6789970001367,
              41.46007299974851
            ],
            [
              -90.6793210000018,
              41.45997799989873
            ],
            [
              -90.68143499997004,
              41.45935200009466
            ],
            [
              -90.68211000036273,
              41.4591520001161
            ],
            [
              -90.68259599971121,
              41.45900799966879
            ],
            [
              -90.68278599968203,
              41.458952000193946
            ],
            [
              -90.68501299962814,
              41.45829199971037
            ],
            [
              -90.6860789998331,
              41.4579760002347
            ],
            [
              -90.68723999957429,
              41.457631999915904
            ],
            [
              -90.68782600027852,
              41.45747600030515
            ],
            [
              -90.68841200008444,
              41.45732000031912
            ],
            [
              -90.6909510002001,
              41.45664299986049
            ],
            [
              -90.69825399982942,
              41.455284000312496
            ],
            [
              -90.699667000364,
              41.455019999998484
            ],
            [
              -90.701158999643,
              41.454742999819544
            ],
            [
              -90.70547500034131,
              41.45409899997705
            ],
            [
              -90.70624100007228,
              41.453985000277676
            ],
            [
              -90.70700699980327,
              41.45386999988772
            ],
            [
              -90.70785799992305,
              41.453743000121825
            ],
            [
              -90.71031500002296,
              41.45349400030439
            ],
            [
              -90.71124499978545,
              41.45340000006803
            ],
            [
              -90.71480200042548,
              41.45304900023765
            ],
            [
              -90.71831099958831,
              41.45276699987843
            ],
            [
              -90.72095099998631,
              41.45241599998937
            ],
            [
              -90.72327500001683,
              41.45226499983457
            ],
            [
              -90.72332500024555,
              41.45226099979449
            ],
            [
              -90.72354500035357,
              41.452247999830774
            ],
            [
              -90.72609299979176,
              41.45183599968401
            ],
            [
              -90.72699999998804,
              41.451732999743456
            ],
            [
              -90.72838199966216,
              41.451577000084235
            ],
            [
              -90.728687000159,
              41.45153600006837
            ],
            [
              -90.73065600036227,
              41.45127199998612
            ],
            [
              -90.73263899991093,
              41.45099699968382
            ],
            [
              -90.73344099962692,
              41.45093100005725
            ],
            [
              -90.73564500000684,
              41.45044800016483
            ],
            [
              -90.73730200004057,
              41.45016699981909
            ],
            [
              -90.73744599998064,
              41.4501420002709
            ],
            [
              -90.7375370002172,
              41.45012700013334
            ],
            [
              -90.74594600023445,
              41.4497300002153
            ],
            [
              -90.74959199966462,
              41.44964500019694
            ],
            [
              -90.74986700002424,
              41.44963799967555
            ],
            [
              -90.75014200038385,
              41.44963199970903
            ],
            [
              -90.75059299957225,
              41.449644000314855
            ],
            [
              -90.75084000034278,
              41.44965200004423
            ],
            [
              -90.75153800030168,
              41.449673000254904
            ],
            [
              -90.75170599963286,
              41.44967800033608
            ],
            [
              -90.75194800038052,
              41.449692000022836
            ],
            [
              -90.75240000029213,
              41.449720000060466
            ],
            [
              -90.75435000022884,
              41.44983999979653
            ],
            [
              -90.75825500012508,
              41.45009799972297
            ],
            [
              -90.75837499977568,
              41.45010600006963
            ],
            [
              -90.76042000014695,
              41.45031700027249
            ],
            [
              -90.7620789998305,
              41.450404999694804
            ],
            [
              -90.76225200008287,
              41.45042399992168
            ],
            [
              -90.76347100044867,
              41.450558999743244
            ],
            [
              -90.76450999999113,
              41.45058299993649
            ],
            [
              -90.76548400013456,
              41.45067200021084
            ],
            [
              -90.76622300010138,
              41.45070399996188
            ],
            [
              -90.76712199990173,
              41.45073700023566
            ],
            [
              -90.7680209997021,
              41.45076899995465
            ],
            [
              -90.76921999997643,
              41.45072800010144
            ],
            [
              -90.77071899982643,
              41.45074499983025
            ],
            [
              -90.77167200005347,
              41.45076099968975
            ],
            [
              -90.77248600036334,
              41.45080899991787
            ],
            [
              -90.77341699995075,
              41.45088200005645
            ],
            [
              -90.77559100019344,
              41.451067000030555
            ],
            [
              -90.7758149996011,
              41.45108799978314
            ],
            [
              -90.77758299996292,
              41.45126100021188
            ],
            [
              -90.77830000018841,
              41.45139800002169
            ],
            [
              -90.77931699998955,
              41.45160800021038
            ],
            [
              -90.78068600014319,
              41.451838999902094
            ],
            [
              -90.78114700027565,
              41.45191700013686
            ],
            [
              -90.7816080004081,
              41.4519950002779
            ],
            [
              -90.78254999986616,
              41.452131999884166
            ],
            [
              -90.78310700025808,
              41.45221299996742
            ],
            [
              -90.78484100028471,
              41.452575999671794
            ],
            [
              -90.78535000009774,
              41.45269200017105
            ],
            [
              -90.78581899972781,
              41.45279999977612
            ],
            [
              -90.78602999961498,
              41.45284899967479
            ],
            [
              -90.78628200040839,
              41.45288799986995
            ],
            [
              -90.78820300003278,
              41.4531470002951
            ],
            [
              -90.78900599957367,
              41.4532439997046
            ],
            [
              -90.78980099961696,
              41.453341000315625
            ],
            [
              -90.79051600019262,
              41.453428999675594
            ],
            [
              -90.79144699978004,
              41.45350200023229
            ],
            [
              -90.79312800010322,
              41.45363100011129
            ],
            [
              -90.79449700025688,
              41.45375599978589
            ],
            [
              -90.79506600034435,
              41.453807999762674
            ],
            [
              -90.79528300007934,
              41.453820000269346
            ],
            [
              -90.79724999973446,
              41.45392800001621
            ],
            [
              -90.79893100005764,
              41.45402500027771
            ],
            [
              -90.80041900003698,
              41.45409599986348
            ],
            [
              -90.80331899982768,
              41.45423500004142
            ],
            [
              -90.80364199986786,
              41.454249999902345
            ],
            [
              -90.80396400008314,
              41.45426600024393
            ],
            [
              -90.80563399963735,
              41.45436200019061
            ],
            [
              -90.8067690003376,
              41.454433999889076
            ],
            [
              -90.8072830001735,
              41.45446599980425
            ],
            [
              -90.80844999976246,
              41.454489999898556
            ],
            [
              -90.80939999961645,
              41.45453100006718
            ],
            [
              -90.80957399969373,
              41.45453800006054
            ],
            [
              -90.81003499982617,
              41.45456999992436
            ],
            [
              -90.81079499970937,
              41.45456999992436
            ],
            [
              -90.81085199961076,
              41.45456900011824
            ],
            [
              -90.81131899959101,
              41.45456200012821
            ],
            [
              -90.8119730000673,
              41.45459399998019
            ],
            [
              -90.81315100042524,
              41.454504999700504
            ],
            [
              -90.81421099988408,
              41.45444799989599
            ],
            [
              -90.81508700011824,
              41.454397000241045
            ],
            [
              -90.81533599964025,
              41.45438300022317
            ],
            [
              -90.8154160000062,
              41.45437900031364
            ],
            [
              -90.81677000009124,
              41.45432600031145
            ],
            [
              -90.81768200031038,
              41.454341999960945
            ],
            [
              -90.81805499968098,
              41.45434899997471
            ],
            [
              -90.81870099976136,
              41.45436200019061
            ],
            [
              -90.81922200016827,
              41.45437300011232
            ],
            [
              -90.82068900023121,
              41.45439599975897
            ],
            [
              -90.82255200012926,
              41.45439599975897
            ],
            [
              -90.82309799975222,
              41.454411000255945
            ],
            [
              -90.8237510004036,
              41.45442699988453
            ],
            [
              -90.82467799979307,
              41.45446499999647
            ],
            [
              -90.82473600041769,
              41.454467000285234
            ],
            [
              -90.82563600004296,
              41.45458000000483
            ],
            [
              -90.82725299989373,
              41.454804999724175
            ],
            [
              -90.8274400003898,
              41.45484300028795
            ],
            [
              -90.82851599974217,
              41.455063000102484
            ],
            [
              -90.82902999957805,
              41.45512699996965
            ],
            [
              -90.83006900001884,
              41.455183000054056
            ],
            [
              -90.83121499969141,
              41.455271000281385
            ],
            [
              -90.83227500004857,
              41.45537499978407
            ],
            [
              -90.83254399966208,
              41.45539799974871
            ],
            [
              -90.83381699955628,
              41.45551200033106
            ],
            [
              -90.83535899996228,
              41.45557499996453
            ],
            [
              -90.83626500033365,
              41.455596000277595
            ],
            [
              -90.83741400037927,
              41.45562299999688
            ],
            [
              -90.83951300027888,
              41.45562099974377
            ],
            [
              -90.84075500021093,
              41.45562099974377
            ],
            [
              -90.84154699988116,
              41.455564000246675
            ],
            [
              -90.84231099996232,
              41.45551799975375
            ],
            [
              -90.8433029996491,
              41.45545800011561
            ],
            [
              -90.84474899979564,
              41.45529500007784
            ],
            [
              -90.84655800016534,
              41.45514099982694
            ],
            [
              -90.8466250001125,
              41.45513200030373
            ],
            [
              -90.84745799979062,
              41.45501900019926
            ],
            [
              -90.8494269999939,
              41.454548999952394
            ],
            [
              -90.84966299999545,
              41.45451499979095
            ],
            [
              -90.85015699973987,
              41.454443999990524
            ],
            [
              -90.85163399984854,
              41.45423299974551
            ],
            [
              -90.85225999983743,
              41.454131999870356
            ],
            [
              -90.85288599982633,
              41.45403000002346
            ],
            [
              -90.85360399987673,
              41.453909000142325
            ],
            [
              -90.85391400039644,
              41.45380399981775
            ],
            [
              -90.85494200006823,
              41.45343999975552
            ],
            [
              -90.85639800026051,
              41.45310800025559
            ],
            [
              -90.85755399997883,
              41.45275099984044
            ],
            [
              -90.85848499956624,
              41.45229099975249
            ],
            [
              -90.85950200026572,
              41.45188600015838
            ],
            [
              -90.86062600019697,
              41.451393000073026
            ],
            [
              -90.8610789999335,
              41.45115200020569
            ],
            [
              -90.86153300039325,
              41.45091100011636
            ],
            [
              -90.8627119996778,
              41.450285000330545
            ],
            [
              -90.8627540004089,
              41.45026600006301
            ],
            [
              -90.86408199965635,
              41.44967900021764
            ],
            [
              -90.86523800027298,
              41.449072999830676
            ],
            [
              -90.86650100012142,
              41.44858699987684
            ],
            [
              -90.86728199992102,
              41.44821500026205
            ],
            [
              -90.86786000022933,
              41.44788400019079
            ],
            [
              -90.86835200032392,
              41.447617000320726
            ],
            [
              -90.86924000025363,
              41.447203999797374
            ],
            [
              -90.86927600023864,
              41.44717600002054
            ],
            [
              -90.86981799966362,
              41.446760000277344
            ],
            [
              -90.87057800044514,
              41.446444999767195
            ],
            [
              -90.87135199967372,
              41.44598100032605
            ],
            [
              -90.87212900017364,
              41.4455820000629
            ],
            [
              -90.87218299970202,
              41.44555500020454
            ],
            [
              -90.87275000013967,
              41.445255999775014
            ],
            [
              -90.87352000006861,
              41.444746999817944
            ],
            [
              -90.87409800037693,
              41.44444799970534
            ],
            [
              -90.87439499957954,
              41.44426900017445
            ],
            [
              -90.8751450003153,
              41.44381900026746
            ],
            [
              -90.87590199982544,
              41.44345200013837
            ],
            [
              -90.87611699991061,
              41.4433489996814
            ],
            [
              -90.87695799998465,
              41.44287099984044
            ],
            [
              -90.87758300014862,
              41.44247899992955
            ],
            [
              -90.87781199957918,
              41.44233600017307
            ],
            [
              -90.8780800002661,
              41.442178000146356
            ],
            [
              -90.87880599981409,
              41.441752999976785
            ],
            [
              -90.87890200007357,
              41.4416969997469
            ],
            [
              -90.87977800030772,
              41.44106499986291
            ],
            [
              -90.8809959999503,
              41.440468000042394
            ],
            [
              -90.88107600031624,
              41.440421000268884
            ],
            [
              -90.88139500015846,
              41.44023700026933
            ],
            [
              -90.88283999958179,
              41.439544000057154
            ],
            [
              -90.88397199990898,
              41.43894599966637
            ],
            [
              -90.88475899955635,
              41.438531999794215
            ],
            [
              -90.88586999996714,
              41.43794200000657
            ],
            [
              -90.88761700041256,
              41.43711499970358
            ],
            [
              -90.88813799992114,
              41.43683099996606
            ],
            [
              -90.88961199965676,
              41.436030000022676
            ],
            [
              -90.89047100017248,
              41.43559300016385
            ],
            [
              -90.8906760002119,
              41.435487999828744
            ],
            [
              -90.89078699964166,
              41.43543200025403
            ],
            [
              -90.89131999974414,
              41.43524200030267
            ],
            [
              -90.89153700037743,
              41.43516500033059
            ],
            [
              -90.89179000009742,
              41.43507500022997
            ],
            [
              -90.8920419999925,
              41.43498500000455
            ],
            [
              -90.89214300027483,
              41.434949000148855
            ],
            [
              -90.89316900029681,
              41.43449399969033
            ],
            [
              -90.89397400038585,
              41.4341380000162
            ],
            [
              -90.89562300002368,
              41.4333660003337
            ],
            [
              -90.89658299992341,
              41.43282299997907
            ],
            [
              -90.89700200022305,
              41.43264500018158
            ],
            [
              -90.89795899974975,
              41.43223700008315
            ],
            [
              -90.89833799986641,
              41.432075999931314
            ],
            [
              -90.89958800019438,
              41.431551999927045
            ],
            [
              -90.89976399992149,
              41.43147199980615
            ],
            [
              -90.9002939996509,
              41.43123299969126
            ],
            [
              -90.90047100010123,
              41.431154000017735
            ],
            [
              -90.90115999983931,
              41.43090099970881
            ],
            [
              -90.90201000013418,
              41.43060000010941
            ],
            [
              -90.90266700008522,
              41.43031300028813
            ],
            [
              -90.90314999995897,
              41.430212000220486
            ],
            [
              -90.9040100002996,
              41.43004799988264
            ],
            [
              -90.90527899999582,
              41.42968500009284
            ],
            [
              -90.90680399978507,
              41.429332000224626
            ],
            [
              -90.90791099999791,
              41.429082000147275
            ],
            [
              -90.90822499981725,
              41.429019999909045
            ],
            [
              -90.90934999957344,
              41.42880100022319
            ],
            [
              -90.9101849997997,
              41.42853200022549
            ],
            [
              -90.91020999991406,
              41.428523999913004
            ],
            [
              -90.91126299970021,
              41.428215999931226
            ],
            [
              -90.91217800029243,
              41.42789100018558
            ],
            [
              -90.91321000016217,
              41.42760000029908
            ],
            [
              -90.9146620001565,
              41.42710799980191
            ],
            [
              -90.91648999989447,
              41.426531000306305
            ],
            [
              -90.917823999888,
              41.426046999736386
            ],
            [
              -90.91829000004333,
              41.42590700021811
            ],
            [
              -90.91871600001568,
              41.42577799977894
            ],
            [
              -90.91935100022539,
              41.425589000113796
            ],
            [
              -90.91980300013702,
              41.42534999989565
            ],
            [
              -90.92032100017089,
              41.42510300008452
            ],
            [
              -90.92096800007619,
              41.42467900018692
            ],
            [
              -90.92180999997512,
              41.42418400030808
            ],
            [
              -90.92267199996557,
              41.423704999818405
            ],
            [
              -90.92341500013032,
              41.42341099984635
            ],
            [
              -90.92434300024301,
              41.42286000008951
            ],
            [
              -90.92496699968375,
              41.42262999992157
            ],
            [
              -90.92579500023734,
              41.42233700010048
            ],
            [
              -90.92704100036734,
              41.42207099983989
            ],
            [
              -90.92827599972836,
              41.42177199966943
            ],
            [
              -90.92925400006976,
              41.42154400031974
            ],
            [
              -90.93001599960277,
              41.421403999849666
            ],
            [
              -90.93069099999548,
              41.42136799987246
            ],
            [
              -90.93097800005064,
              41.42139600000613
            ],
            [
              -90.93138599958134,
              41.421437999847264
            ],
            [
              -90.93212399972322,
              41.421556000057315
            ],
            [
              -90.93281699965927,
              41.42182699993928
            ],
            [
              -90.93380199967335,
              41.42188200016254
            ],
            [
              -90.93481699982468,
              41.42209099991255
            ],
            [
              -90.9360780000233,
              41.422422999814884
            ],
            [
              -90.93706100038756,
              41.42258300003012
            ],
            [
              -90.93804499967841,
              41.422767000228056
            ],
            [
              -90.9388670003842,
              41.42292700026927
            ],
            [
              -90.93966800027529,
              41.42314199974595
            ],
            [
              -90.94070599999283,
              41.42323000031962
            ],
            [
              -90.94165900021987,
              41.42334099997753
            ],
            [
              -90.94248199985223,
              41.42343600026232
            ],
            [
              -90.94375599957135,
              41.42350900020947
            ],
            [
              -90.9449220002337,
              41.423637999767756
            ],
            [
              -90.94545199996314,
              41.42371499994068
            ],
            [
              -90.94595999995126,
              41.423790000135014
            ],
            [
              -90.94679400035261,
              41.42393299966386
            ],
            [
              -90.94768200028231,
              41.42404400014088
            ],
            [
              -90.94846399990682,
              41.42405699969279
            ],
            [
              -90.9490320001694,
              41.42405299993456
            ],
            [
              -90.94979100022768,
              41.424162999931745
            ],
            [
              -90.95028199959904,
              41.42435999985907
            ],
            [
              -90.95117899974959,
              41.4245599999945
            ],
            [
              -90.95214000037254,
              41.424841000087
            ],
            [
              -90.95319800018157,
              41.425075000202106
            ],
            [
              -90.95401999998904,
              41.42533899976864
            ],
            [
              -90.95473499966639,
              41.42561000002888
            ],
            [
              -90.95512800002678,
              41.42587900000881
            ],
            [
              -90.95554300012847,
              41.4261239997469
            ],
            [
              -90.95628999959288,
              41.4264279999375
            ],
            [
              -90.95673599965671,
              41.426745999974116
            ],
            [
              -90.95724700001787,
              41.42701600019326
            ],
            [
              -90.95783299982381,
              41.427326999810084
            ],
            [
              -90.9583530004058,
              41.4277099996758
            ],
            [
              -90.95886399986863,
              41.428028999710534
            ],
            [
              -90.95946100044353,
              41.4282750003033
            ],
            [
              -90.96007999986142,
              41.42848900004988
            ],
            [
              -90.96067800026123,
              41.42869500014682
            ],
            [
              -90.9613100000979,
              41.428988999767725
            ],
            [
              -90.96134899955763,
              41.429007000003665
            ],
            [
              -90.96209500009543,
              41.42932699992271
            ],
            [
              -90.96253299976335,
              41.4294509997536
            ],
            [
              -90.96302499985795,
              41.42950999967684
            ],
            [
              -90.96364499999906,
              41.42965199988884
            ],
            [
              -90.96416700023087,
              41.429724000067374
            ],
            [
              -90.96431899966852,
              41.42974499999214
            ],
            [
              -90.96501400015269,
              41.42984700029994
            ],
            [
              -90.96583799960999,
              41.42992500003094
            ],
            [
              -90.96666199996561,
              41.43005099976117
            ],
            [
              -90.96735599972656,
              41.43022499988457
            ],
            [
              -90.9678789997833,
              41.4304070002966
            ],
            [
              -90.96831700034951,
              41.43053900015035
            ],
            [
              -90.96889200028478,
              41.43080900008677
            ],
            [
              -90.96955400025868,
              41.43103100024098
            ],
            [
              -90.97017299967658,
              41.43123799984638
            ],
            [
              -90.97055699981613,
              41.43139399991331
            ],
            [
              -90.97099500038235,
              41.43170299979396
            ],
            [
              -90.97111000001009,
              41.43178499994479
            ],
            [
              -90.97187499991614,
              41.43240400004882
            ],
            [
              -90.97225499985775,
              41.432705000039185
            ],
            [
              -90.97251199977569,
              41.432908999948474
            ],
            [
              -90.97268900022603,
              41.433022000173665
            ],
            [
              -90.97270099992157,
              41.43302999993186
            ],
            [
              -90.97273899955641,
              41.433053999873884
            ],
            [
              -90.97275199997522,
              41.43306200030159
            ],
            [
              -90.97283399999098,
              41.433114000026954
            ],
            [
              -90.97308599988605,
              41.433275999759154
            ],
            [
              -90.97316999955164,
              41.43331000027522
            ],
            [
              -90.97360899994278,
              41.43348999985824
            ],
            [
              -90.97418499970296,
              41.433712000272905
            ],
            [
              -90.97485800044582,
              41.43390199998837
            ],
            [
              -90.97516800006721,
              41.43398500017873
            ],
            [
              -90.97576700029194,
              41.43402900020416
            ],
            [
              -90.9767299996664,
              41.434123999667506
            ],
            [
              -90.9779399998114,
              41.43422900018866
            ],
            [
              -90.97866899973246,
              41.4342640003246
            ],
            [
              -90.97981500030335,
              41.43432099967823
            ],
            [
              -90.98032900013924,
              41.43429200028509
            ],
            [
              -90.98176600006495,
              41.43422099990473
            ],
            [
              -90.98291299956243,
              41.434170999960244
            ],
            [
              -90.9839319999117,
              41.43402400026396
            ],
            [
              -90.98489799965922,
              41.433868999907574
            ],
            [
              -90.98588600004636,
              41.433689000028565
            ],
            [
              -90.9867890000447,
              41.433403999985046
            ],
            [
              -90.9875849999129,
              41.433053999873884
            ],
            [
              -90.98843600003269,
              41.432711999693446
            ],
            [
              -90.98931899993954,
              41.432273000095904
            ],
            [
              -90.98997599989056,
              41.43196199992533
            ],
            [
              -90.9908799997138,
              41.43155499973602
            ],
            [
              -90.99185899988011,
              41.431173999986825
            ],
            [
              -90.99289199957477,
              41.430751999669845
            ],
            [
              -90.99396899965036,
              41.430282000090685
            ],
            [
              -90.9947589996708,
              41.43000699973347
            ],
            [
              -90.99502200033484,
              41.42991699989015
            ],
            [
              -90.99620499981734,
              41.42949599967708
            ],
            [
              -90.99716200024234,
              41.42917899983626
            ],
            [
              -90.99824799964045,
              41.42885400019647
            ],
            [
              -90.99925699994398,
              41.428617999817625
            ],
            [
              -91.00014800024674,
              41.428413999894836
            ],
            [
              -91.0002510001789,
              41.4283800001821
            ],
            [
              -91.00035400011106,
              41.42834500024141
            ],
            [
              -91.00117699974345,
              41.42806900022084
            ],
            [
              -91.00336799970458,
              41.42733700004811
            ],
            [
              -91.00421999964928,
              41.42692300022208
            ],
            [
              -91.00519700016577,
              41.42644900025482
            ],
            [
              -91.00584599972089,
              41.426134999740974
            ],
            [
              -91.0060239999961,
              41.42610499981403
            ],
            [
              -91.0086910001583,
              41.42565600017206
            ],
            [
              -91.0090789995975,
              41.425590999945605
            ],
            [
              -91.00944500019371,
              41.42551899989861
            ],
            [
              -91.00957800026309,
              41.42549300003041
            ],
            [
              -91.01187999965398,
              41.425042999936785
            ],
            [
              -91.01198000011141,
              41.42502399968759
            ],
            [
              -91.01277500015469,
              41.42495799991315
            ],
            [
              -91.01461899978618,
              41.42480600025922
            ],
            [
              -91.01889600012645,
              41.42451399974847
            ],
            [
              -91.01942599985587,
              41.42447800014816
            ],
            [
              -91.02123400040065,
              41.424317999887094
            ],
            [
              -91.02129499960171,
              41.42431299987256
            ],
            [
              -91.02147500042507,
              41.4242970002277
            ],
            [
              -91.0220889998201,
              41.42424300030255
            ],
            [
              -91.02370800021899,
              41.424098999833575
            ],
            [
              -91.02413599984116,
              41.42406199972699
            ],
            [
              -91.02483899982296,
              41.423974000280836
            ],
            [
              -91.02735399964916,
              41.423656999748914
            ],
            [
              -91.02778700019253,
              41.42360299996514
            ],
            [
              -91.03061800038624,
              41.422464000038104
            ],
            [
              -91.03088600017485,
              41.42235300022826
            ],
            [
              -91.03310700027319,
              41.421439000163886
            ],
            [
              -91.0331840002661,
              41.4214090000882
            ],
            [
              -91.0332980000689,
              41.421365999910584
            ],
            [
              -91.03349200023767,
              41.421293000248845
            ],
            [
              -91.03441600015238,
              41.42094700013604
            ],
            [
              -91.03472499994888,
              41.42083199979742
            ],
            [
              -91.03499100008764,
              41.420732999782146
            ],
            [
              -91.03505300001194,
              41.42071200031066
            ],
            [
              -91.03604600042196,
              41.4203790000851
            ],
            [
              -91.03637799978465,
              41.42026899974054
            ],
            [
              -91.03713099999514,
              41.42001699979222
            ],
            [
              -91.03777000040283,
              41.419669000276855
            ],
            [
              -91.0382399998578,
              41.419412000303
            ],
            [
              -91.03987199977718,
              41.41852300022463
            ],
            [
              -91.04144099994737,
              41.41747100003457
            ],
            [
              -91.04157999986454,
              41.41737799986591
            ],
            [
              -91.04171899978172,
              41.41728399985704
            ],
            [
              -91.04210899976906,
              41.41702299968544
            ],
            [
              -91.04349700018928,
              41.416189999968886
            ],
            [
              -91.04398799956064,
              41.415897000060156
            ],
            [
              -91.04506299998641,
              41.41487200028529
            ],
            [
              -91.04546399984442,
              41.414489000150674
            ],
            [
              -91.04588999981677,
              41.414085000185636
            ],
            [
              -91.04647800017081,
              41.413183000247656
            ],
            [
              -91.04658100010298,
              41.41302599977113
            ],
            [
              -91.04678199994443,
              41.412719000163094
            ],
            [
              -91.04701100027329,
              41.412367999924186
            ],
            [
              -91.04703399983951,
              41.41233399989434
            ],
            [
              -91.04764200028507,
              41.411310000286925
            ],
            [
              -91.0476520003308,
              41.41128599971827
            ],
            [
              -91.04781800001216,
              41.410902000194056
            ],
            [
              -91.04825900005312,
              41.40974799981016
            ],
            [
              -91.04826099970293,
              41.40973599991213
            ],
            [
              -91.04862800012405,
              41.407972000228064
            ],
            [
              -91.04902300013426,
              41.40607300004649
            ],
            [
              -91.0491029996019,
              41.40569199968613
            ],
            [
              -91.04931000018945,
              41.40486000010099
            ],
            [
              -91.04973500033688,
              41.40315299985914
            ],
            [
              -91.0498490001397,
              41.402579000254526
            ],
            [
              -91.0500669996996,
              41.40149600013383
            ],
            [
              -91.05032799981548,
              41.40004899983255
            ],
            [
              -91.05063699961198,
              41.39732700024342
            ],
            [
              -91.05074899976498,
              41.39596999995552
            ],
            [
              -91.05076600038174,
              41.3956160000847
            ],
            [
              -91.05084300037463,
              41.3941040002123
            ],
            [
              -91.0508700001388,
              41.3932750000798
            ],
            [
              -91.0508700001388,
              41.39284099982222
            ],
            [
              -91.05087400033676,
              41.391538999860096
            ],
            [
              -91.05087500016168,
              41.391106000253004
            ],
            [
              -91.05087599998657,
              41.390871999744284
            ],
            [
              -91.05087599998657,
              41.39063899985813
            ],
            [
              -91.05087599998657,
              41.39060000000098
            ],
            [
              -91.05092000036751,
              41.38979799980725
            ],
            [
              -91.0509549996293,
              41.389186999765116
            ],
            [
              -91.05100999988088,
              41.387556000061565
            ],
            [
              -91.05110600014035,
              41.38665099996873
            ],
            [
              -91.05135800003544,
              41.385920999797364
            ],
            [
              -91.05157999979329,
              41.38528299972944
            ],
            [
              -91.05183500006142,
              41.38470400032588
            ],
            [
              -91.05193299997069,
              41.38448200021042
            ],
            [
              -91.05202699968203,
              41.38436100009247
            ],
            [
              -91.0523620003161,
              41.38393200006585
            ],
            [
              -91.05238900008028,
              41.38389799998511
            ],
            [
              -91.05251200010392,
              41.38374299996669
            ],
            [
              -91.0528619999083,
              41.38334899984819
            ],
            [
              -91.05308100019141,
              41.38310099983925
            ],
            [
              -91.05353499975286,
              41.38259000011353
            ],
            [
              -91.05465100018651,
              41.381177999960364
            ],
            [
              -91.05559799966746,
              41.38002600006945
            ],
            [
              -91.0568129998353,
              41.37892799988444
            ],
            [
              -91.0571290002028,
              41.37853200031922
            ],
            [
              -91.05767599965067,
              41.37784899993302
            ],
            [
              -91.05851000005202,
              41.37703599997484
            ],
            [
              -91.0596070002191,
              41.375866999733866
            ],
            [
              -91.05971400034922,
              41.37561799983019
            ],
            [
              -91.05997100026717,
              41.37502800010022
            ],
            [
              -91.06109000017557,
              41.37382300014097
            ],
            [
              -91.06228500025193,
              41.372534999692895
            ],
            [
              -91.06327600011382,
              41.37130900013371
            ],
            [
              -91.06371399978173,
              41.37076899999805
            ],
            [
              -91.06374599956878,
              41.370728999934535
            ],
            [
              -91.06445299974853,
              41.36985099992979
            ],
            [
              -91.06505799982104,
              41.369100999737306
            ],
            [
              -91.06565600022083,
              41.3679959999615
            ],
            [
              -91.066231999981,
              41.36636700032604
            ],
            [
              -91.06651999986109,
              41.36524599993382
            ],
            [
              -91.06691300022149,
              41.36341699991811
            ],
            [
              -91.0669850001915,
              41.36294100007574
            ],
            [
              -91.0671049998421,
              41.36215099984539
            ],
            [
              -91.06758600006603,
              41.35931899974727
            ],
            [
              -91.06837600008645,
              41.35585200021931
            ],
            [
              -91.06896199989238,
              41.35387600016923
            ],
            [
              -91.06976299978345,
              41.35030200010632
            ],
            [
              -91.07049799955229,
              41.346269999794224
            ],
            [
              -91.07064200039063,
              41.34535300021807
            ],
            [
              -91.0706819996753,
              41.34509599974162
            ],
            [
              -91.0707229996832,
              41.34483800012728
            ],
            [
              -91.0707660002392,
              41.34456499992406
            ],
            [
              -91.07080899989691,
              41.344290999769875
            ],
            [
              -91.07089400028572,
              41.343748999682155
            ],
            [
              -91.07097899977623,
              41.34320600030661
            ],
            [
              -91.07113899960979,
              41.34218999978858
            ],
            [
              -91.07133100012872,
              41.34101599969063
            ],
            [
              -91.07155500043471,
              41.33964800018337
            ],
            [
              -91.07168199975801,
              41.33857600003968
            ],
            [
              -91.07175700010109,
              41.3376150001703
            ],
            [
              -91.07185300036055,
              41.33637400025877
            ],
            [
              -91.07196999963809,
              41.334994999797594
            ],
            [
              -91.07200200032347,
              41.334115999671
            ],
            [
              -91.07204499998117,
              41.333598999788165
            ],
            [
              -91.07204900017913,
              41.33355099994963
            ],
            [
              -91.07206500007266,
              41.333407999869834
            ],
            [
              -91.07207000009554,
              41.33336100021374
            ],
            [
              -91.06679199984765,
              41.333271000074426
            ],
            [
              -91.06609999973652,
              41.33326199985127
            ],
            [
              -91.06533900002842,
              41.3332460000511
            ],
            [
              -91.06330299987799,
              41.33321399976447
            ],
            [
              -91.06237899996329,
              41.333195000324565
            ],
            [
              -91.06041800015592,
              41.3331619996867
            ],
            [
              -91.05799799986595,
              41.333118999811546
            ],
            [
              -91.05522299974872,
              41.33307100029391
            ],
            [
              -91.05318099975052,
              41.33306200004317
            ],
            [
              -91.03737799986736,
              41.332943000058194
            ],
            [
              -91.03674199983273,
              41.33293900008892
            ],
            [
              -91.022674999626,
              41.33283999975965
            ],
            [
              -91.01999699959316,
              41.33282300019899
            ],
            [
              -91.0196400001161,
              41.332815999902465
            ],
            [
              -91.00887500028131,
              41.332738999963645
            ],
            [
              -91.00200199992398,
              41.33268999983259
            ],
            [
              -91.00170499982305,
              41.33268700018127
            ],
            [
              -91.00045799986815,
              41.33267900021108
            ],
            [
              -90.99611199993092,
              41.33264799998
            ],
            [
              -90.99216400037695,
              41.33261800006867
            ],
            [
              -90.99147700028868,
              41.33261299974488
            ],
            [
              -90.98396200004893,
              41.33253299990769
            ],
            [
              -90.98394100013253,
              41.33253200024638
            ],
            [
              -90.98063899976064,
              41.3325069999395
            ],
            [
              -90.97218000041299,
              41.332484999958275
            ],
            [
              -90.95995199981489,
              41.33248899995543
            ],
            [
              -90.95637400015679,
              41.33249000029193
            ],
            [
              -90.95108599986317,
              41.33239899996041
            ],
            [
              -90.94221999991143,
              41.33238400028641
            ],
            [
              -90.94170299970249,
              41.332382999948265
            ],
            [
              -90.94015199997396,
              41.33238000028281
            ],
            [
              -90.939634999765,
              41.33238000028281
            ],
            [
              -90.939238000105,
              41.33236899993446
            ],
            [
              -90.93804800005148,
              41.33233699989152
            ],
            [
              -90.93765200021636,
              41.332326999874866
            ],
            [
              -90.93746200024556,
              41.3323260002104
            ],
            [
              -90.93726600042697,
              41.332324999871375
            ],
            [
              -90.93689300015807,
              41.33232099986415
            ],
            [
              -90.93670400001217,
              41.332320000199594
            ],
            [
              -90.93658799966123,
              41.33231899986047
            ],
            [
              -90.9363380003143,
              41.33231299984902
            ],
            [
              -90.93515800030652,
              41.33230000015954
            ],
            [
              -90.93487100025135,
              41.33230000015954
            ],
            [
              -90.93190500033843,
              41.332308999841054
            ],
            [
              -90.92937399972037,
              41.33229200014183
            ],
            [
              -90.92754199978444,
              41.33228099977856
            ],
            [
              -90.92648499980032,
              41.33227699976864
            ],
            [
              -90.92397800037003,
              41.332270000087995
            ],
            [
              -90.92331499967291,
              41.3322660000774
            ],
            [
              -90.92225900041201,
              41.332260999726586
            ],
            [
              -90.921526000293,
              41.33225699971543
            ],
            [
              -90.92055999964717,
              41.33225299970404
            ],
            [
              -90.91932899958579,
              41.33225600004989
            ],
            [
              -90.9186890002515,
              41.33225800005551
            ],
            [
              -90.91859700018999,
              41.33225800005551
            ],
            [
              -90.91822800011904,
              41.33225600004989
            ],
            [
              -90.91712299955604,
              41.332250000032644
            ],
            [
              -90.91675500020834,
              41.33224800002674
            ],
            [
              -90.91513699963434,
              41.332239000336784
            ],
            [
              -90.91028299970898,
              41.33221500025818
            ],
            [
              -90.90866500003331,
              41.33220700023003
            ],
            [
              -90.90858700021552,
              41.33220799989632
            ],
            [
              -90.90835600023684,
              41.332211999910484
            ],
            [
              -90.90827900024394,
              41.33221399991744
            ],
            [
              -90.9073109999483,
              41.33220799989632
            ],
            [
              -90.90441000033267,
              41.332191000170745
            ],
            [
              -90.90344299986194,
              41.33218599981412
            ],
            [
              -90.90250499970351,
              41.33218300013964
            ],
            [
              -90.89969299977638,
              41.33217399976617
            ],
            [
              -90.89875600034117,
              41.33217100009112
            ],
            [
              -90.89795499955179,
              41.33216799974136
            ],
            [
              -90.89707400019309,
              41.332165999732986
            ],
            [
              -90.89555299970347,
              41.33216399972449
            ],
            [
              -90.8947529996373,
              41.332163000057534
            ],
            [
              -90.89435900035032,
              41.33215100000533
            ],
            [
              -90.8878879996759,
              41.331957999873914
            ],
            [
              -90.87931299997729,
              41.33177800031596
            ],
            [
              -90.87909000039456,
              41.33176800021355
            ],
            [
              -90.87053900008708,
              41.33159400020884
            ],
            [
              -90.86859300034834,
              41.331552000324194
            ],
            [
              -90.85857599980284,
              41.331341999820104
            ],
            [
              -90.85770399976666,
              41.331324000188644
            ],
            [
              -90.854547000058,
              41.33125600033696
            ],
            [
              -90.85437700017872,
              41.33125400030058
            ],
            [
              -90.84566600003767,
              41.331059000167485
            ],
            [
              -90.83109900023877,
              41.33072699970159
            ],
            [
              -90.83052199975536,
              41.33071200031718
            ],
            [
              -90.82413499964483,
              41.330558000096694
            ],
            [
              -90.81749800018738,
              41.33039500024199
            ],
            [
              -90.81697500013065,
              41.330384000232975
            ],
            [
              -90.81077299996805,
              41.330232999676134
            ],
            [
              -90.80495300029519,
              41.330091000106314
            ],
            [
              -90.8046290004301,
              41.330084000190794
            ],
            [
              -90.80415499987885,
              41.33006600021181
            ],
            [
              -90.80151000035629,
              41.32996700023836
            ],
            [
              -90.79932799971768,
              41.32991800004597
            ],
            [
              -90.79278400014664,
              41.32977300000409
            ],
            [
              -90.79060300023127,
              41.329725000044746
            ],
            [
              -90.79050600014688,
              41.32972299996137
            ],
            [
              -90.79026599994737,
              41.32971800008989
            ],
            [
              -90.78897600033476,
              41.32968899988337
            ],
            [
              -90.78409800011997,
              41.32958099995454
            ],
            [
              -90.78247200004836,
              41.329544999713605
            ],
            [
              -90.7818679998008,
              41.32952700026022
            ],
            [
              -90.78005699978127,
              41.329474000229446
            ],
            [
              -90.7796020003949,
              41.329460999973506
            ],
            [
              -90.77945400025692,
              41.32945699979043
            ],
            [
              -90.77890299971277,
              41.32944200011362
            ],
            [
              -90.777249999877,
              41.32939800009736
            ],
            [
              -90.77670000005608,
              41.32938400011659
            ],
            [
              -90.77604800012791,
              41.3293659999442
            ],
            [
              -90.77409200034343,
              41.32931499987842
            ],
            [
              -90.77344000041528,
              41.329298000072484
            ],
            [
              -90.7734139995777,
              41.32929699968692
            ],
            [
              -90.7733369995848,
              41.329295000264985
            ],
            [
              -90.77331200036876,
              41.329295000264985
            ],
            [
              -90.772421000066,
              41.32927099977633
            ],
            [
              -90.76974800005604,
              41.329199999993634
            ],
            [
              -90.76885799957819,
              41.329176999857374
            ],
            [
              -90.76776499960907,
              41.329148999797894
            ],
            [
              -90.76448800024983,
              41.32906800003987
            ],
            [
              -90.76339600010562,
              41.32904100032302
            ],
            [
              -90.76261199993297,
              41.32902399977102
            ],
            [
              -90.76030799999396,
              41.328975999934386
            ],
            [
              -90.76026000031337,
              41.3289750002185
            ],
            [
              -90.75947600014074,
              41.32896399996972
            ],
            [
              -90.7584600001645,
              41.32894900017943
            ],
            [
              -90.75541200023582,
              41.328906999938695
            ],
            [
              -90.75439600025958,
              41.328892999852414
            ],
            [
              -90.75381499957822,
              41.328885000090914
            ],
            [
              -90.75207499970381,
              41.328861000125805
            ],
            [
              -90.75149499974566,
              41.328852999685786
            ],
            [
              -90.75122399958401,
              41.32884900013997
            ],
            [
              -90.75041000017247,
              41.32883700015188
            ],
            [
              -90.75013999983571,
              41.32883400032319
            ],
            [
              -90.74907700000382,
              41.32882899970891
            ],
            [
              -90.749039000369,
              41.32882899970891
            ],
            [
              -90.74688600004271,
              41.32881800011007
            ],
            [
              -90.74589099998286,
              41.328813000169134
            ],
            [
              -90.7448289999759,
              41.32880800022783
            ],
            [
              -90.74305099956833,
              41.32880199989301
            ],
            [
              -90.74138500021206,
              41.32879799966948
            ],
            [
              -90.73792800002947,
              41.328782999840946
            ],
            [
              -90.737719999617,
              41.328782000122104
            ],
            [
              -90.73594299993266,
              41.32877399967233
            ],
            [
              -90.73586000009199,
              41.328768000008964
            ],
            [
              -90.73561200039488,
              41.32875199977965
            ],
            [
              -90.73553000037911,
              41.32874699983365
            ],
            [
              -90.72762500015203,
              41.32871700014965
            ],
            [
              -90.7247449995545,
              41.32875199977965
            ],
            [
              -90.72286699958784,
              41.32872499993184
            ],
            [
              -90.72119899968344,
              41.32872700004585
            ],
            [
              -90.71636700039771,
              41.32873499982681
            ],
            [
              -90.71602900028891,
              41.328734000107175
            ],
            [
              -90.71178399973572,
              41.32872200009795
            ],
            [
              -90.7115650003509,
              41.328720999703584
            ],
            [
              -90.7093750002147,
              41.32871500003534
            ],
            [
              -90.70700699980327,
              41.32870799997192
            ],
            [
              -90.69742000032639,
              41.32868199982628
            ],
            [
              -90.69692700040689,
              41.32868100010589
            ],
            [
              -90.68788200035502,
              41.3286389996924
            ],
            [
              -90.68739199991026,
              41.328637000250225
            ],
            [
              -90.68722399968077,
              41.32866200001853
            ],
            [
              -90.6858470000295,
              41.32859900004437
            ],
            [
              -90.68186599996525,
              41.328642000204646
            ],
            [
              -90.68144800038884,
              41.32859400008664
            ],
            [
              -90.6810249998912,
              41.3285929996903
            ],
            [
              -90.67922599956725,
              41.328591999968545
            ],
            [
              -90.67849400017148,
              41.3285879997321
            ],
            [
              -90.67765100044758,
              41.32858499989191
            ],
            [
              -90.67751199963212,
              41.32858400017002
            ],
            [
              -90.67710999994921,
              41.3285879997321
            ],
            [
              -90.67548999972539,
              41.32860499972329
            ],
            [
              -90.67495099977512,
              41.32861100007624
            ],
            [
              -90.6747650000023,
              41.328613000193805
            ],
            [
              -90.67419000006703,
              41.328609999680175
            ],
            [
              -90.6719070000444,
              41.328601000162244
            ],
            [
              -90.6711460003363,
              41.32859800032269
            ],
            [
              -90.67099099962728,
              41.328596999926425
            ],
            [
              -90.67052899966993,
              41.32859499980836
            ],
            [
              -90.67037499968413,
              41.32859499980836
            ],
            [
              -90.67034799991995,
              41.32859400008664
            ],
            [
              -90.67027000010214,
              41.32859400008664
            ],
            [
              -90.67024400016288,
              41.32859400008664
            ],
            [
              -90.66988699978751,
              41.3285929996903
            ],
            [
              -90.66881800010782,
              41.3285910002467
            ],
            [
              -90.66854100009839,
              41.3285910002467
            ],
            [
              -90.66846199955737,
              41.3285910002467
            ],
            [
              -90.66835699997537,
              41.32858900012852
            ],
            [
              -90.66804300015602,
              41.32858600028836
            ],
            [
              -90.66793900039895,
              41.32858499989191
            ],
            [
              -90.66764899997072,
              41.32858100032963
            ],
            [
              -90.66677899958435,
              41.32857200013316
            ],
            [
              -90.66648999987935,
              41.32856900029222
            ],
            [
              -90.66636000018302,
              41.32856700017336
            ],
            [
              -90.66597000019568,
              41.32856299993539
            ],
            [
              -90.66584100032424,
              41.328562000213175
            ],
            [
              -90.66452900007201,
              41.32854700033031
            ],
            [
              -90.66212300002572,
              41.328519999722964
            ],
            [
              -90.66059599968833,
              41.32850900007191
            ],
            [
              -90.65928500015931,
              41.32850100026325
            ],
            [
              -90.65700600033465,
              41.32848499996836
            ],
            [
              -90.65016899996233,
              41.32843800013335
            ],
            [
              -90.64789099996258,
              41.32842300022194
            ],
            [
              -90.64764200044054,
              41.3284199996996
            ],
            [
              -90.64689599990274,
              41.32841100015543
            ],
            [
              -90.64664800020562,
              41.32840800030708
            ],
            [
              -90.64562600038161,
              41.32839999981143
            ],
            [
              -90.64256099983616,
              41.328379000192086
            ],
            [
              -90.64153999983706,
              41.32837200009257
            ],
            [
              -90.64076900008321,
              41.32836700011742
            ],
            [
              -90.63968600015983,
              41.32835700016597
            ],
            [
              -90.63412500005474,
              41.32831099996476
            ],
            [
              -90.63233199957855,
              41.32829600002412
            ],
            [
              -90.63227200020242,
              41.32829399989687
            ],
            [
              -90.63221199992797,
              41.32829600002412
            ],
            [
              -90.6314050001891,
              41.32829199976956
            ],
            [
              -90.63123600013472,
              41.32829199976956
            ],
            [
              -90.62893600039364,
              41.32826800026062
            ],
            [
              -90.62880400014917,
              41.328264000004296
            ],
            [
              -90.62793799996076,
              41.328241999939394
            ],
            [
              -90.6278280003559,
              41.328239999810435
            ],
            [
              -90.62781599976203,
              41.328239999810435
            ],
            [
              -90.62759900002705,
              41.32822199999658
            ],
            [
              -90.62750199994268,
              41.328224000126035
            ],
            [
              -90.62739300016274,
              41.32822799971023
            ],
            [
              -90.62727900035992,
              41.3282310002414
            ],
            [
              -90.62694200007601,
              41.32825900002086
            ],
            [
              -90.62692899965722,
              41.328261000149176
            ],
            [
              -90.62643900011078,
              41.328261000149176
            ],
            [
              -90.62558700016606,
              41.32824699992414
            ],
            [
              -90.62513600007937,
              41.328241000212195
            ],
            [
              -90.62421499963938,
              41.328226000255434
            ],
            [
              -90.623279999854,
              41.32821799973743
            ],
            [
              -90.61821800041452,
              41.328177000102805
            ],
            [
              -90.61771299990113,
              41.32819200007085
            ],
            [
              -90.61757900000683,
              41.32819700005943
            ],
            [
              -90.61699400002583,
              41.32819900018965
            ],
            [
              -90.61622699957161,
              41.32817900023364
            ],
            [
              -90.61585800039897,
              41.32816099972833
            ],
            [
              -90.61470299960727,
              41.328103999669324
            ],
            [
              -90.6143100001452,
              41.32809899967361
            ],
            [
              -90.61421499971063,
              41.32809799994426
            ],
            [
              -90.61370699972252,
              41.32813299990677
            ],
            [
              -90.61330400021471,
              41.32812900031675
            ],
            [
              -90.61226800014698,
              41.328100999806885
            ],
            [
              -90.61132999998857,
              41.32809500008155
            ],
            [
              -90.60966700010704,
              41.328077999957245
            ],
            [
              -90.60811899985325,
              41.32806299996296
            ],
            [
              -90.60789399972235,
              41.32805599982954
            ],
            [
              -90.60471799974714,
              41.32800599981826
            ],
            [
              -90.60127999983112,
              41.32795200016772
            ],
            [
              -90.6010470002026,
              41.327937000144416
            ],
            [
              -90.60080100015531,
              41.327927999858936
            ],
            [
              -90.60047300009225,
              41.32792299984971
            ],
            [
              -90.60024399976339,
              41.32793099972939
            ],
            [
              -90.59951999986521,
              41.327937000144416
            ],
            [
              -90.59876599982981,
              41.32790900022659
            ],
            [
              -90.59483900019224,
              41.32782399999285
            ],
            [
              -90.59451600015203,
              41.32781999970927
            ],
            [
              -90.59111500004592,
              41.32778399984446
            ],
            [
              -90.5908310003638,
              41.32777899982419
            ],
            [
              -90.59002899974949,
              41.32776800004803
            ],
            [
              -90.58998100006892,
              41.32776599990458
            ],
            [
              -90.58975799958785,
              41.32775700027006
            ],
            [
              -90.58969800021171,
              41.32775200024772
            ],
            [
              -90.58963799993724,
              41.327752999982366
            ],
            [
              -90.58949599964703,
              41.32774700022499
            ],
            [
              -90.58889099957452,
              41.32772299984069
            ],
            [
              -90.58868999973308,
              41.32771499993552
            ],
            [
              -90.58806799994214,
              41.327704000148614
            ],
            [
              -90.58713999982946,
              41.32768900006822
            ],
            [
              -90.58620500004409,
              41.32766000030774
            ],
            [
              -90.58558499990298,
              41.327642000333604
            ],
            [
              -90.58508799978551,
              41.32763500015495
            ],
            [
              -90.58359700033145,
              41.327614000288996
            ],
            [
              -90.5831010000389,
              41.32760700010734
            ],
            [
              -90.58267400024165,
              41.32759799977627
            ],
            [
              -90.58139299995153,
              41.32757100012484
            ],
            [
              -90.58096600015428,
              41.3275619997888
            ],
            [
              -90.58056399957304,
              41.32755300012611
            ],
            [
              -90.57936099999908,
              41.327525999781436
            ],
            [
              -90.57896000014108,
              41.32751799985204
            ],
            [
              -90.57701400040234,
              41.32748300023376
            ],
            [
              -90.57117799993763,
              41.327377999916926
            ],
            [
              -90.56923300002381,
              41.327343999964384
            ],
            [
              -90.56690099959738,
              41.32730599967895
            ],
            [
              -90.56318800022005,
              41.3272479998042
            ],
            [
              -90.5624380003826,
              41.32723300029338
            ],
            [
              -90.55990599993963,
              41.32720299991227
            ],
            [
              -90.5596719995879,
              41.32720099975147
            ],
            [
              -90.55769700043516,
              41.327144999945844
            ],
            [
              -90.55757600006135,
              41.32715000001477
            ],
            [
              -90.5570599996773,
              41.327176999840646
            ],
            [
              -90.55425299977304,
              41.32715099975866
            ],
            [
              -90.55305000019905,
              41.32713999987653
            ],
            [
              -90.54995299986655,
              41.327118000106644
            ],
            [
              -90.54721899975722,
              41.32707999968945
            ],
            [
              -90.54220099980036,
              41.327020999867564
            ],
            [
              -90.5406199999346,
              41.32700400013769
            ],
            [
              -90.54006799956555,
              41.326994999723325
            ],
            [
              -90.53477599997228,
              41.326980999900805
            ],
            [
              -90.53288600031004,
              41.3269850002359
            ],
            [
              -90.53265199995832,
              41.3269850002359
            ],
            [
              -90.5306660000366,
              41.3269900003171
            ],
            [
              -90.52075300014651,
              41.32695100007827
            ],
            [
              -90.512057999899,
              41.32691800032497
            ],
            [
              -90.51200099999758,
              41.32691800032497
            ],
            [
              -90.50858300017303,
              41.3268760001242
            ],
            [
              -90.50793100024488,
              41.3268689998632
            ],
            [
              -90.50682900005492,
              41.32685500001361
            ],
            [
              -90.50644999993824,
              41.32685099967058
            ],
            [
              -90.50017099978277,
              41.32684499983009
            ],
            [
              -90.49989899979619,
              41.32684499983009
            ],
            [
              -90.49785299960001,
              41.326843000332914
            ],
            [
              -90.49777800015528,
              41.326843000332914
            ],
            [
              -90.49441600040723,
              41.32683999973776
            ],
            [
              -90.49247499979305,
              41.32683800024042
            ],
            [
              -90.49235299959432,
              41.32683800024042
            ],
            [
              -90.49223799996658,
              41.32683800024042
            ],
            [
              -90.49212400016376,
              41.32683800024042
            ],
            [
              -90.48740900015558,
              41.326833000147545
            ],
            [
              -90.47898800044278,
              41.326825000133056
            ],
            [
              -90.47802699981982,
              41.326814000195895
            ],
            [
              -90.47522800031147,
              41.3267809996986
            ],
            [
              -90.47519899999915,
              41.326782000122755
            ],
            [
              -90.47511100013561,
              41.32678599979546
            ],
            [
              -90.4750829996482,
              41.326787999969056
            ],
            [
              -90.47480700036199,
              41.32680199983303
            ],
            [
              -90.474695000209,
              41.32680199983303
            ],
            [
              -90.4740890003116,
              41.326804999755275
            ],
            [
              -90.47353100009477,
              41.32681700011763
            ],
            [
              -90.4733439995987,
              41.326822000211735
            ],
            [
              -90.47314399958215,
              41.32682000003919
            ],
            [
              -90.4730900000538,
              41.32682099978819
            ],
            [
              -90.47293000022023,
              41.326822999960655
            ],
            [
              -90.47287699961846,
              41.326825000133056
            ],
            [
              -90.47268800037091,
              41.3268280000543
            ],
            [
              -90.47196899959727,
              41.3268389999891
            ],
            [
              -90.47145499976136,
              41.326847999750406
            ],
            [
              -90.46884299985076,
              41.326897000227966
            ],
            [
              -90.46719099983991,
              41.3269199998199
            ],
            [
              -90.46657300024692,
              41.32692900024462
            ],
            [
              -90.46576999980773,
              41.32694599999407
            ],
            [
              -90.46483099982437,
              41.32696600032857
            ],
            [
              -90.46467099999082,
              41.32696999998998
            ],
            [
              -90.46201399987437,
              41.326996999890504
            ],
            [
              -90.46171799959835,
              41.327001000224556
            ],
            [
              -90.46107599971594,
              41.326998000311335
            ],
            [
              -90.45880299973906,
              41.32700299971694
            ],
            [
              -90.45865200012632,
              41.32693400033013
            ],
            [
              -90.45846100033062,
              41.326980000154315
            ],
            [
              -90.45333600024361,
              41.32693599982452
            ],
            [
              -90.4452529997413,
              41.32702399977978
            ],
            [
              -90.44071400035853,
              41.32704700000149
            ],
            [
              -90.4388399996915,
              41.32703000027835
            ],
            [
              -90.43396599967467,
              41.32698599998232
            ],
            [
              -90.43373700024414,
              41.326988999896145
            ],
            [
              -90.43373700024414,
              41.32704499983585
            ],
            [
              -90.43370499955877,
              41.3305829998024
            ],
            [
              -90.43369399968812,
              41.331324000188644
            ],
            [
              -90.43368100016762,
              41.33158099970137
            ],
            [
              -90.43363299958874,
              41.333550000303944
            ],
            [
              -90.43361500004539,
              41.33429299993657
            ],
            [
              -90.4336359999618,
              41.33545400007833
            ],
            [
              -90.43363299958874,
              41.335735999912046
            ],
            [
              -90.43360499999966,
              41.3391769996742
            ],
            [
              -90.43361000002251,
              41.34006899978886
            ],
            [
              -90.43361300039558,
              41.34050600008933
            ],
            [
              -90.43358499990818,
              41.341513000145056
            ],
            [
              -90.43358200043343,
              41.34189199987224
            ],
            [
              -90.4335730002126,
              41.343028999982515
            ],
            [
              -90.43357099966447,
              41.34340899982314
            ],
            [
              -90.43361099984743,
              41.35032300007594
            ],
            [
              -90.43358400008326,
              41.35600300004542
            ],
            [
              -90.43355300012111,
              41.3632209998098
            ],
            [
              -90.4334950003948,
              41.37042599975008
            ],
            [
              -90.43320499996656,
              41.37767400006742
            ],
            [
              -90.43316700033174,
              41.38033900008347
            ],
            [
              -90.4331020000344,
              41.38498899975467
            ],
            [
              -90.43310000038458,
              41.38504100022754
            ],
            [
              -90.4330600002016,
              41.38683299982266
            ],
            [
              -90.43293600035304,
              41.39226900030205
            ],
            [
              -90.43288000027655,
              41.39393600007713
            ],
            [
              -90.43278099964404,
              41.39427800027964
            ],
            [
              -90.43276899994848,
              41.39476399981296
            ],
            [
              -90.43276700029865,
              41.394863999698785
            ],
            [
              -90.4327639999256,
              41.394937000084376
            ],
            [
              -90.43276200027579,
              41.39506399968286
            ],
            [
              -90.4327570002529,
              41.395373999958196
            ],
            [
              -90.4327499996819,
              41.395401999840715
            ],
            [
              -90.43272999959042,
              41.39547799974983
            ],
            [
              -90.43272999959042,
              41.395638000296586
            ],
            [
              -90.43272999959042,
              41.396120999671716
            ],
            [
              -90.43272999959042,
              41.39613400009502
            ],
            [
              -90.43272600029078,
              41.3962820000136
            ],
            [
              -90.43271899971977,
              41.39694399977723
            ],
            [
              -90.43270399965114,
              41.39893399967515
            ],
            [
              -90.4327000003515,
              41.399529000066615
            ],
            [
              -90.43270299982622,
              41.3996009999506
            ],
            [
              -90.43264299955177,
              41.40484100001116
            ],
            [
              -90.43258300017564,
              41.40841999966943
            ],
            [
              -90.4324750002206,
              41.41362200024414
            ],
            [
              -90.43246900037282,
              41.41422300008272
            ],
            [
              -90.43244199971032,
              41.41499999974238
            ],
            [
              -90.43242800036494,
              41.41577799994287
            ],
            [
              -90.4324040000755,
              41.41684100015564
            ],
            [
              -90.43231100018906,
              41.42107000015563
            ],
            [
              -90.43224800043987,
              41.4249519996854
            ],
            [
              -90.43221400010471,
              41.4279720002205
            ],
            [
              -90.4322219996023,
              41.42806999976181
            ],
            [
              -90.43221499992961,
              41.42846199981545
            ],
            [
              -90.432207000432,
              41.43011600023729
            ],
            [
              -90.43218099959441,
              41.43472499970006
            ],
            [
              -90.4321789999446,
              41.43503700020991
            ],
            [
              -90.43217499974664,
              41.43553300028181
            ],
            [
              -90.4321720002719,
              41.4358710000385
            ],
            [
              -90.43216700024902,
              41.43633400029742
            ],
            [
              -90.43216200022616,
              41.436828999807005
            ],
            [
              -90.4321580000282,
              41.43712000007909
            ],
            [
              -90.43214999963227,
              41.437152999854014
            ],
            [
              -90.43213000043912,
              41.437233999781455
            ],
            [
              -90.43215399983023,
              41.43749500020673
            ],
            [
              -90.43214799998246,
              41.43807400002759
            ],
            [
              -90.43211899967014,
              41.44250299974474
            ],
            [
              -90.43202900015677,
              41.45311499972923
            ],
            [
              -90.43202300030899,
              41.45331500014526
            ],
            [
              -90.43202099976087,
              41.45387600013558
            ],
            [
              -90.43201900011103,
              41.45412400002019
            ],
            [
              -90.43201699956289,
              41.45432600031145
            ],
            [
              -90.43201099971509,
              41.45468900031045
            ],
            [
              -90.43197100043045,
              41.45612800033027
            ],
            [
              -90.43193000042257,
              41.456834000210236
            ],
            [
              -90.43155100030589,
              41.456861999858226
            ],
            [
              -90.43117200018919,
              41.4568900001674
            ],
            [
              -90.43073600017111,
              41.45692299998723
            ],
            [
              -90.43055899972077,
              41.456934999917586
            ],
            [
              -90.43029900032809,
              41.456955000020926
            ],
            [
              -90.42960800004188,
              41.457005999684384
            ],
            [
              -90.42891599993074,
              41.45705699998089
            ],
            [
              -90.42699600013128,
              41.45720000028175
            ],
            [
              -90.42644600031038,
              41.457240000318876
            ],
            [
              -90.42507499960858,
              41.457341999830646
            ],
            [
              -90.42306399957252,
              41.45749000032868
            ],
            [
              -90.42112899970444,
              41.457634000107
            ],
            [
              -90.42068400036382,
              41.457812999792445
            ],
            [
              -90.41806400005731,
              41.4588649999882
            ],
            [
              -90.41731599986969,
              41.459165000042525
            ],
            [
              -90.4159230003249,
              41.459723000074526
            ],
            [
              -90.4154449995757,
              41.45991600022644
            ],
            [
              -90.41535800043538,
              41.45995000024955
            ],
            [
              -90.41526999967351,
              41.45998400025478
            ],
            [
              -90.41457400026273,
              41.46026400009538
            ],
            [
              -90.41387799995366,
              41.46054499978752
            ],
            [
              -90.41170399971095,
              41.461416999712306
            ],
            [
              -90.40742899991885,
              41.46313400011742
            ],
            [
              -90.4042289996542,
              41.464834000091244
            ],
            [
              -90.40124400037301,
              41.4666170001101
            ],
            [
              -90.4009149995867,
              41.46681399975458
            ],
            [
              -90.40083199974605,
              41.46686400012603
            ],
            [
              -90.40041900019249,
              41.467110000261364
            ],
            [
              -90.39893700006093,
              41.46799599986042
            ],
            [
              -90.39745499992938,
              41.468880999882536
            ],
            [
              -90.3972800000272,
              41.468984999773404
            ],
            [
              -90.39675899962027,
              41.46929699979121
            ],
            [
              -90.39658500044133,
              41.46940099968783
            ],
            [
              -90.39610199966924,
              41.469688999877135
            ],
            [
              -90.39602800004941,
              41.46973400016974
            ],
            [
              -90.39476100000303,
              41.47070899996182
            ],
            [
              -90.39431599976409,
              41.47105200001602
            ],
            [
              -90.39371099969159,
              41.471517000058704
            ],
            [
              -90.39189600037243,
              41.47291599980592
            ],
            [
              -90.39129100029994,
              41.4733820001286
            ],
            [
              -90.39125399959168,
              41.47341000003556
            ],
            [
              -90.39114399998684,
              41.473493999683726
            ],
            [
              -90.39110800000182,
              41.47352299972931
            ],
            [
              -90.39085600010675,
              41.47371700004862
            ],
            [
              -90.39060500003657,
              41.47391099978733
            ],
            [
              -90.39001099983474,
              41.47436800014163
            ],
            [
              -90.38732799977902,
              41.476434000231954
            ],
            [
              -90.38656299987296,
              41.476501999763805
            ],
            [
              -90.38631600000076,
              41.47652500031187
            ],
            [
              -90.38575000028631,
              41.476576000064114
            ],
            [
              -90.38518399967357,
              41.47662600031011
            ],
            [
              -90.38492599993072,
              41.476616000264
            ],
            [
              -90.38415500017688,
              41.476588999862585
            ],
            [
              -90.38389800025891,
              41.476579999950616
            ],
            [
              -90.38235099983002,
              41.476621000287246
            ],
            [
              -90.38038199962676,
              41.47667499970613
            ],
            [
              -90.379061000052,
              41.47738300026434
            ],
            [
              -90.37831000038965,
              41.47778400033145
            ],
            [
              -90.3780269996341,
              41.47793400017713
            ],
            [
              -90.37755999965388,
              41.478183999821546
            ],
            [
              -90.37666300040166,
              41.47866199990825
            ],
            [
              -90.37652799978413,
              41.478734000221245
            ],
            [
              -90.37593000028264,
              41.47953999970481
            ],
            [
              -90.37475399957451,
              41.48112899997894
            ],
            [
              -90.37452799961872,
              41.48143400031606
            ],
            [
              -90.37404300009513,
              41.48243899991832
            ],
            [
              -90.37390199962982,
              41.48273399969853
            ],
            [
              -90.37380399972054,
              41.482937999785406
            ],
            [
              -90.37370599981124,
              41.48314099986442
            ],
            [
              -90.37362399979548,
              41.48331200018339
            ],
            [
              -90.37354199977972,
              41.4834820000178
            ],
            [
              -90.37352000003841,
              41.4835270001566
            ],
            [
              -90.37351099981758,
              41.48354600010117
            ],
            [
              -90.37348099968034,
              41.48361000012132
            ],
            [
              -90.3734420002206,
              41.48368799982911
            ],
            [
              -90.37341000043355,
              41.48375499979646
            ],
            [
              -90.37336600005263,
              41.48384699971913
            ],
            [
              -90.37332199967169,
              41.4839390001841
            ],
            [
              -90.37322799996036,
              41.4841340003063
            ],
            [
              -90.3730279999438,
              41.48463399992255
            ],
            [
              -90.3729350000574,
              41.48498499972377
            ],
            [
              -90.37243799993992,
              41.48686700023428
            ],
            [
              -90.37210800022706,
              41.48811600025447
            ],
            [
              -90.37192099973099,
              41.488821999735926
            ],
            [
              -90.37177799961586,
              41.489363999805875
            ],
            [
              -90.37162700000312,
              41.489934000221844
            ],
            [
              -90.3716040004369,
              41.48998199971625
            ],
            [
              -90.37157799959931,
              41.490036000114316
            ],
            [
              -90.37157099992662,
              41.490051999700256
            ],
            [
              -90.37155300038327,
              41.490089999794506
            ],
            [
              -90.37143200000945,
              41.490344000028934
            ],
            [
              -90.37131200035886,
              41.49059799994045
            ],
            [
              -90.3706329997682,
              41.4920299997432
            ],
            [
              -90.36982699985424,
              41.49373399975933
            ],
            [
              -90.36942699982114,
              41.4967339996979
            ],
            [
              -90.3693309995617,
              41.49684699976564
            ],
            [
              -90.36869399970215,
              41.49759499997597
            ],
            [
              -90.36843500013438,
              41.49789799988292
            ],
            [
              -90.36805699984261,
              41.49834199981739
            ],
            [
              -90.3675499996794,
              41.49893700021065
            ],
            [
              -90.36704199969128,
              41.49953199984708
            ],
            [
              -90.36633299986171,
              41.50036399980081
            ],
            [
              -90.36564599977345,
              41.50116799981868
            ],
            [
              -90.36562400003216,
              41.501195000070304
            ],
            [
              -90.36422700028942,
              41.50283400029152
            ],
            [
              -90.36057099991517,
              41.50502700014041
            ],
            [
              -90.35872700028368,
              41.506133999838184
            ],
            [
              -90.35229699961715,
              41.50880499996383
            ],
            [
              -90.35223100039322,
              41.50883199972187
            ],
            [
              -90.3482889997887,
              41.509672999952116
            ],
            [
              -90.34790499964916,
              41.50975400012462
            ],
            [
              -90.34752200023283,
              41.50983599982228
            ],
            [
              -90.34692700020608,
              41.509963000026794
            ],
            [
              -90.344407000357,
              41.51056300002359
            ],
            [
              -90.34397600036176,
              41.51069799974421
            ],
            [
              -90.34260999968285,
              41.511039000141665
            ],
            [
              -90.34124499972717,
              41.511378999812976
            ],
            [
              -90.34087700037945,
              41.51150399980706
            ],
            [
              -90.34078000029506,
              41.51153700007734
            ],
            [
              -90.34034900029985,
              41.51168499994109
            ],
            [
              -90.33750200021261,
              41.513250000300935
            ],
            [
              -90.33668999955256,
              41.513528000281305
            ],
            [
              -90.33388900039441,
              41.51408500025705
            ],
            [
              -90.33265699960978,
              41.514001000090566
            ],
            [
              -90.33127099973768,
              41.51363400030296
            ],
            [
              -90.330454999778,
              41.513203000135455
            ],
            [
              -90.32557300026356,
              41.51137699993485
            ],
            [
              -90.32021399982484,
              41.50998999997461
            ],
            [
              -90.31951000001814,
              41.509705000181846
            ],
            [
              -90.31919200000083,
              41.50957600021021
            ],
            [
              -90.3187330004165,
              41.50889800027897
            ],
            [
              -90.31788399994655,
              41.508755000332314
            ],
            [
              -90.31760799976203,
              41.50870899991069
            ],
            [
              -90.3169640002298,
              41.508857999827015
            ],
            [
              -90.31684399968088,
              41.50888000001138
            ],
            [
              -90.31656800039465,
              41.50893200017278
            ],
            [
              -90.31607299992702,
              41.50905599987155
            ],
            [
              -90.31505899960061,
              41.50920400002574
            ],
            [
              -90.3146209999327,
              41.509445999676196
            ],
            [
              -90.31417800024191,
              41.50957600021021
            ],
            [
              -90.3126779996687,
              41.510239000083644
            ],
            [
              -90.31222300028233,
              41.51051200011566
            ],
            [
              -90.31209400041092,
              41.51059100000871
            ],
            [
              -90.31071799968626,
              41.51194299996718
            ],
            [
              -90.31062499979984,
              41.512033999952685
            ],
            [
              -90.31016799986536,
              41.51250800017415
            ],
            [
              -90.3077490002986,
              41.51522899971193
            ],
            [
              -90.30742200006044,
              41.5155980002935
            ],
            [
              -90.30643000037367,
              41.516788000006855
            ],
            [
              -90.30632599971827,
              41.51686300022245
            ],
            [
              -90.30628999973325,
              41.51688800027497
            ],
            [
              -90.30618500015127,
              41.51696399989112
            ],
            [
              -90.30614999999118,
              41.516990000093294
            ],
            [
              -90.30576300037688,
              41.517268000153685
            ],
            [
              -90.30563600015529,
              41.51736000023492
            ],
            [
              -90.3047160004385,
              41.51779100029973
            ],
            [
              -90.3044610001704,
              41.51782699990992
            ],
            [
              -90.3039899999922,
              41.5178940002149
            ],
            [
              -90.30372700022647,
              41.51793200011608
            ],
            [
              -90.30293999968079,
              41.518048000030426
            ],
            [
              -90.30267799973997,
              41.51808800018465
            ],
            [
              -90.30164400022036,
              41.51809799988302
            ],
            [
              -90.2985410000401,
              41.51812999998364
            ],
            [
              -90.29750800034543,
              41.5181409998464
            ],
            [
              -90.297075999627,
              41.51820700032904
            ],
            [
              -90.29515400017769,
              41.518618999720985
            ],
            [
              -90.29408600032293,
              41.51880999972639
            ],
            [
              -90.29366600019836,
              41.518924999926135
            ],
            [
              -90.29161300032949,
              41.519489000245564
            ],
            [
              -90.29020900001575,
              41.51999199977907
            ],
            [
              -90.28922400000165,
              41.52033399977911
            ],
            [
              -90.28788599981016,
              41.52030200009566
            ],
            [
              -90.28582999956825,
              41.52025199992808
            ],
            [
              -90.28416199966385,
              41.52027300013772
            ],
            [
              -90.28219599983363,
              41.52029800021824
            ],
            [
              -90.28211899984073,
              41.52029800021824
            ],
            [
              -90.28023000000341,
              41.52032300028909
            ],
            [
              -90.27932399963204,
              41.52033399977911
            ],
            [
              -90.27857299996968,
              41.52044600022798
            ],
            [
              -90.27849599997677,
              41.520456999697096
            ],
            [
              -90.27835399968656,
              41.52047799984023
            ],
            [
              -90.2782089999216,
              41.52049899997649
            ],
            [
              -90.27773699991849,
              41.520568999933126
            ],
            [
              -90.27724700037204,
              41.520642000210785
            ],
            [
              -90.27632099990919,
              41.520777999891166
            ],
            [
              -90.27628499992417,
              41.52078399999906
            ],
            [
              -90.2760680001892,
              41.520816000116774
            ],
            [
              -90.27584999973098,
              41.520848000218606
            ],
            [
              -90.27554500013247,
              41.52089299995674
            ],
            [
              -90.27149700012106,
              41.521518999928716
            ],
            [
              -90.27125699992156,
              41.52155699971915
            ],
            [
              -90.26832399962059,
              41.522134000043394
            ],
            [
              -90.2674719996759,
              41.52215199998826
            ],
            [
              -90.26629699969101,
              41.52212099996804
            ],
            [
              -90.26524399990485,
              41.52193000031854
            ],
            [
              -90.26384100031432,
              41.521740000220596
            ],
            [
              -90.26280299969847,
              41.5216860000272
            ],
            [
              -90.26121599998493,
              41.52165599990034
            ],
            [
              -90.26070100032413,
              41.52156499999081
            ],
            [
              -90.26052300004889,
              41.52153399968937
            ],
            [
              -90.2597780002343,
              41.52167899988676
            ],
            [
              -90.25918400003248,
              41.5217939996963
            ],
            [
              -90.25858900000571,
              41.5219100000867
            ],
            [
              -90.2584249999742,
              41.521941000208
            ],
            [
              -90.25648599990815,
              41.52231899979829
            ],
            [
              -90.2540670003414,
              41.52253099979415
            ],
            [
              -90.25353699971365,
              41.52257699980944
            ],
            [
              -90.25308300015222,
              41.52261699985464
            ],
            [
              -90.25224100025325,
              41.522655999773974
            ],
            [
              -90.25194699962707,
              41.52266999984279
            ],
            [
              -90.25182899962628,
              41.52267599977526
            ],
            [
              -90.25141699989766,
              41.52269499966982
            ],
            [
              -90.25115800032987,
              41.522707000202125
            ],
            [
              -90.25038099982994,
              41.52274199966829
            ],
            [
              -90.25012300008709,
              41.522755000291454
            ],
            [
              -90.24859400009986,
              41.52320599991028
            ],
            [
              -90.24797399995875,
              41.52340100018731
            ],
            [
              -90.24740499987126,
              41.52358099992144
            ],
            [
              -90.24648400032957,
              41.52408500001054
            ],
            [
              -90.24564900010333,
              41.524324000295245
            ],
            [
              -90.2455989998746,
              41.52432899999912
            ],
            [
              -90.24456799982975,
              41.52443299967045
            ],
            [
              -90.24324200023213,
              41.52460600007272
            ],
            [
              -90.24165700016843,
              41.52482599984228
            ],
            [
              -90.2414730000454,
              41.524880000105455
            ],
            [
              -90.24108899990584,
              41.52499500027919
            ],
            [
              -90.24078000010937,
              41.52508800019998
            ],
            [
              -90.239761999585,
              41.525567999987175
            ],
            [
              -90.23940500010794,
              41.52573499972411
            ],
            [
              -90.23829399969715,
              41.52625599995113
            ],
            [
              -90.23664500005934,
              41.52683200003451
            ],
            [
              -90.23651600018789,
              41.52687799968229
            ],
            [
              -90.23589100002393,
              41.52712099986665
            ],
            [
              -90.23515600025509,
              41.52740500028715
            ],
            [
              -90.23454299978665,
              41.5276749998056
            ],
            [
              -90.23343099955096,
              41.52816400004786
            ],
            [
              -90.23240200005426,
              41.52873299990758
            ],
            [
              -90.23154500008668,
              41.52903600002707
            ],
            [
              -90.23074800039356,
              41.52918000022564
            ],
            [
              -90.23011200035894,
              41.52929700015092
            ],
            [
              -90.22930600044499,
              41.52927300018349
            ],
            [
              -90.2284760002416,
              41.529250000206325
            ],
            [
              -90.22821400030078,
              41.529289000162734
            ],
            [
              -90.22765199988599,
              41.5293759999808
            ],
            [
              -90.22687199991132,
              41.52957299980885
            ],
            [
              -90.22663500008485,
              41.529637000077884
            ],
            [
              -90.22584199969137,
              41.52991700025838
            ],
            [
              -90.2254209997419,
              41.530210999681614
            ],
            [
              -90.22487699976877,
              41.53059100000795
            ],
            [
              -90.22420899994708,
              41.53136900008724
            ],
            [
              -90.22416700011429,
              41.53141799976865
            ],
            [
              -90.22394899965609,
              41.532311999887455
            ],
            [
              -90.22385900014272,
              41.53334199992665
            ],
            [
              -90.2238309996553,
              41.53341399998073
            ],
            [
              -90.22373699994398,
              41.53366300008217
            ],
            [
              -90.2234149997287,
              41.53450900003121
            ],
            [
              -90.22245900002693,
              41.53556999969665
            ],
            [
              -90.22141799993635,
              41.53625100030222
            ],
            [
              -90.2212170000949,
              41.53633399994014
            ],
            [
              -90.22026100039312,
              41.53672900020851
            ],
            [
              -90.219493000114,
              41.5370199999661
            ],
            [
              -90.21901799973786,
              41.537200000138164
            ],
            [
              -90.21774400001875,
              41.537566000220764
            ],
            [
              -90.21673700026336,
              41.53791599971818
            ],
            [
              -90.21484300040315,
              41.53831200026999
            ],
            [
              -90.2142409998054,
              41.53838900013306
            ],
            [
              -90.21289400029139,
              41.53856200019843
            ],
            [
              -90.21049699956761,
              41.53894000018067
            ],
            [
              -90.21039899965832,
              41.53895700030764
            ],
            [
              -90.20945300000228,
              41.539013999751404
            ],
            [
              -90.20917000014508,
              41.539031999706836
            ],
            [
              -90.20777300040234,
              41.53905200002503
            ],
            [
              -90.20631600038514,
              41.53909600003092
            ],
            [
              -90.20569899971876,
              41.53911600032934
            ],
            [
              -90.20560500000744,
              41.53911399996358
            ],
            [
              -90.20527100009659,
              41.53913299973763
            ],
            [
              -90.20490200002565,
              41.53915399987068
            ],
            [
              -90.20428199988456,
              41.539189999698685
            ],
            [
              -90.20379800018586,
              41.53923500012788
            ],
            [
              -90.20343099976475,
              41.53927000006648
            ],
            [
              -90.2033360002285,
              41.53927900000922
            ],
            [
              -90.20219999970337,
              41.539387999739205
            ],
            [
              -90.20200300005988,
              41.53940700010516
            ],
            [
              -90.20185800029492,
              41.539423000267455
            ],
            [
              -90.2004089997753,
              41.53958599984596
            ],
            [
              -90.19948900005856,
              41.53965500015843
            ],
            [
              -90.19918899958459,
              41.53970699979955
            ],
            [
              -90.197830000375,
              41.53994600019851
            ],
            [
              -90.1965349998412,
              41.54012600029563
            ],
            [
              -90.19596699957863,
              41.54036600031819
            ],
            [
              -90.19586799984442,
              41.54041499990793
            ],
            [
              -90.19532399987129,
              41.540686000083355
            ],
            [
              -90.19528500041156,
              41.54071399981098
            ],
            [
              -90.19486199991394,
              41.54101400016607
            ],
            [
              -90.19457200038403,
              41.54123099983115
            ],
            [
              -90.19418499987142,
              41.541673000140904
            ],
            [
              -90.19360499991328,
              41.542122000065476
            ],
            [
              -90.19313299991018,
              41.54255500017848
            ],
            [
              -90.19249799970046,
              41.54321300013008
            ],
            [
              -90.19176499958144,
              41.54435500011178
            ],
            [
              -90.19079600035919,
              41.54569699981115
            ],
            [
              -90.19009400020232,
              41.54695099990429
            ],
            [
              -90.18984800015501,
              41.54740900031251
            ],
            [
              -90.1896509996132,
              41.54777999967095
            ],
            [
              -90.1894230000076,
              41.54845600025684
            ],
            [
              -90.18905700030969,
              41.54907499988765
            ],
            [
              -90.18868999988858,
              41.549612999712785
            ],
            [
              -90.18811800032637,
              41.55056999981627
            ],
            [
              -90.18797900040919,
              41.550790000024165
            ],
            [
              -90.18787599957871,
              41.550954000193215
            ],
            [
              -90.18777299964654,
              41.55111700028507
            ],
            [
              -90.18711599969551,
              41.55205299966558
            ],
            [
              -90.18655599982885,
              41.552852999747614
            ],
            [
              -90.18529200015551,
              41.55495500012493
            ],
            [
              -90.18499099985664,
              41.55545699992437
            ],
            [
              -90.18476900009878,
              41.555968999753105
            ],
            [
              -90.18422199975262,
              41.557234999751046
            ],
            [
              -90.18386399955232,
              41.558224999929294
            ],
            [
              -90.18356099960363,
              41.55894099995091
            ],
            [
              -90.18327799974641,
              41.559769999890364
            ],
            [
              -90.18298099964548,
              41.56079399975258
            ],
            [
              -90.18297300014787,
              41.560825000059914
            ],
            [
              -90.18227799966368,
              41.562828999906266
            ],
            [
              -90.18158399990274,
              41.56460699990543
            ],
            [
              -90.18104300030267,
              41.56583000023994
            ],
            [
              -90.18093799982236,
              41.56611899988647
            ],
            [
              -90.1806519995921,
              41.56690000026674
            ],
            [
              -90.18031299965838,
              41.56821299974427
            ],
            [
              -90.18005099971757,
              41.5692429998737
            ],
            [
              -90.1799200001963,
              41.56975900020996
            ],
            [
              -90.17987199961742,
              41.57062899976696
            ],
            [
              -90.17954600010249,
              41.57158699987684
            ],
            [
              -90.17932799964429,
              41.57236700001313
            ],
            [
              -90.17909800038883,
              41.5734870000214
            ],
            [
              -90.17909099981782,
              41.5746409997351
            ],
            [
              -90.17909099981782,
              41.574688000289875
            ],
            [
              -90.17913400037385,
              41.57507599968827
            ],
            [
              -90.1791729998336,
              41.575430000241
            ],
            [
              -90.17920399979573,
              41.57560799974408
            ],
            [
              -90.17928699963642,
              41.576082999811206
            ],
            [
              -90.17969000004254,
              41.57673700010829
            ],
            [
              -90.17986800031777,
              41.57742300016542
            ],
            [
              -90.18005200044078,
              41.5787159999919
            ],
            [
              -90.1807150002396,
              41.57930499983794
            ],
            [
              -90.18103400008184,
              41.579547999902225
            ],
            [
              -90.18138499971111,
              41.58003300008977
            ],
            [
              -90.18172500036806,
              41.58045299981013
            ],
            [
              -90.18206799960141,
              41.581084999719586
            ],
            [
              -90.18210699995947,
              41.58115599982269
            ],
            [
              -90.182968000125,
              41.58217500014094
            ],
            [
              -90.18368100015252,
              41.58287099998512
            ],
            [
              -90.18443600001285,
              41.58347899974187
            ],
            [
              -90.18474900000729,
              41.583731000027356
            ],
            [
              -90.18476800027386,
              41.583746000141325
            ],
            [
              -90.18553599965466,
              41.58457399981782
            ],
            [
              -90.18560900034792,
              41.5846529999746
            ],
            [
              -90.18603199994722,
              41.585638000328856
            ],
            [
              -90.18619199978079,
              41.586145999698324
            ],
            [
              -90.18625299988017,
              41.58633999987367
            ],
            [
              -90.18625999955285,
              41.586992999993846
            ],
            [
              -90.18625799990303,
              41.58700800002191
            ],
            [
              -90.18614900012308,
              41.587725999752635
            ],
            [
              -90.18581400038732,
              41.588466000226354
            ],
            [
              -90.18542600004982,
              41.58894800003355
            ],
            [
              -90.18475999987795,
              41.589428999861184
            ],
            [
              -90.18421199970686,
              41.589852999885764
            ],
            [
              -90.18389700006261,
              41.5900500002078
            ],
            [
              -90.18367500030473,
              41.590189999975784
            ],
            [
              -90.18305299961551,
              41.59045299992838
            ],
            [
              -90.18255899987108,
              41.5906600003356
            ],
            [
              -90.18191600016377,
              41.590810000001724
            ],
            [
              -90.1814120003736,
              41.59099300003611
            ],
            [
              -90.18120099958809,
              41.59101900003926
            ],
            [
              -90.18103499990674,
              41.59103899972451
            ],
            [
              -90.18086900022539,
              41.591059000075376
            ],
            [
              -90.18076999959287,
              41.591071000014196
            ],
            [
              -90.18032000022939,
              41.591094000170685
            ],
            [
              -90.17952799966083,
              41.591106000102954
            ],
            [
              -90.17843600041492,
              41.591118000033035
            ],
            [
              -90.17827599968305,
              41.59111500021871
            ],
            [
              -90.17713099983538,
              41.5910960002715
            ],
            [
              -90.17583600019991,
              41.59114699979892
            ],
            [
              -90.17447600026708,
              41.591157000294324
            ],
            [
              -90.17338099974982,
              41.5912849997803
            ],
            [
              -90.17167000018772,
              41.591483999852365
            ],
            [
              -90.17042700043078,
              41.591760999799035
            ],
            [
              -90.16960399990008,
              41.59205000032942
            ],
            [
              -90.16924800024793,
              41.59217500029516
            ],
            [
              -90.16859299994671,
              41.59243800022276
            ],
            [
              -90.16774600002488,
              41.59282900020607
            ],
            [
              -90.1671979998538,
              41.59317300000448
            ],
            [
              -90.16695099998158,
              41.59335800008907
            ],
            [
              -90.1667330004217,
              41.593485000236065
            ],
            [
              -90.16670400010938,
              41.59350200012569
            ],
            [
              -90.1665219996362,
              41.59371100018115
            ],
            [
              -90.16603700011261,
              41.594160000040155
            ],
            [
              -90.16570200037685,
              41.59462599972855
            ],
            [
              -90.1655929996986,
              41.59479899976424
            ],
            [
              -90.16541100012371,
              41.59509200008343
            ],
            [
              -90.16525899978777,
              41.59548599972512
            ],
            [
              -90.16512900009143,
              41.5957440000425
            ],
            [
              -90.16502000031147,
              41.596040999998
            ],
            [
              -90.16497299955749,
              41.59629799980653
            ],
            [
              -90.16494300031857,
              41.59646000008798
            ],
            [
              -90.16491900002913,
              41.59683899968468
            ],
            [
              -90.16484200003624,
              41.5973219997402
            ],
            [
              -90.16491300018136,
              41.59790300026562
            ],
            [
              -90.16503899967974,
              41.59848400026305
            ],
            [
              -90.16515500003068,
              41.598884000273664
            ],
            [
              -90.16538500018446,
              41.59967800007048
            ],
            [
              -90.16561299979008,
              41.6010890001654
            ],
            [
              -90.1655990004447,
              41.60130600031788
            ],
            [
              -90.16557799962999,
              41.601636999733145
            ],
            [
              -90.1654939999644,
              41.601947999808154
            ],
            [
              -90.16545499960633,
              41.60209299970448
            ],
            [
              -90.16544700010873,
              41.60211100022945
            ],
            [
              -90.16542899966707,
              41.60215599984052
            ],
            [
              -90.16536300044314,
              41.602315000230135
            ],
            [
              -90.16529499977278,
              41.60248199989224
            ],
            [
              -90.16513699958902,
              41.602779999945206
            ],
            [
              -90.1650570001214,
              41.6029330002672
            ],
            [
              -90.1651719997491,
              41.6030090001913
            ],
            [
              -90.16531499986425,
              41.60310500000288
            ],
            [
              -90.16550999985792,
              41.603251000184216
            ],
            [
              -90.165621000186,
              41.603333999767365
            ],
            [
              -90.16560500029249,
              41.60337199984033
            ],
            [
              -90.16555900026174,
              41.603488000313476
            ],
            [
              -90.16554400019311,
              41.6035269998177
            ],
            [
              -90.16545399978142,
              41.60376700017493
            ],
            [
              -90.16539000020731,
              41.60398299986747
            ],
            [
              -90.1653809999865,
              41.60433699979657
            ],
            [
              -90.16560199991942,
              41.60575300024229
            ],
            [
              -90.16569999982873,
              41.606375999669034
            ],
            [
              -90.16611199955736,
              41.608777000277165
            ],
            [
              -90.16611599975532,
              41.609801999761245
            ],
            [
              -90.16548100044392,
              41.61044500010553
            ],
            [
              -90.16453499988958,
              41.61128099977749
            ],
            [
              -90.16420199980365,
              41.611719000245564
            ],
            [
              -90.16394300023586,
              41.61206200003998
            ],
            [
              -90.1634879999512,
              41.61293900020482
            ],
            [
              -90.1631490000175,
              41.61365899968133
            ],
            [
              -90.16312499972804,
              41.61370900014877
            ],
            [
              -90.16306899965154,
              41.61382600020454
            ],
            [
              -90.16296800026753,
              41.61404199980158
            ],
            [
              -90.16291200019101,
              41.61410000021072
            ],
            [
              -90.1628610001374,
              41.61415099969369
            ],
            [
              -90.1628200001295,
              41.61419400025356
            ],
            [
              -90.16276800025098,
              41.614241000223586
            ],
            [
              -90.16269499955773,
              41.614304999941986
            ],
            [
              -90.1626229995877,
              41.614369000268454
            ],
            [
              -90.1624309999671,
              41.614538999693934
            ],
            [
              -90.1617489999017,
              41.615148000054155
            ],
            [
              -90.16197200038279,
              41.615518999971705
            ],
            [
              -90.16215999980544,
              41.615831000295955
            ],
            [
              -90.16220500001128,
              41.61590499979841
            ],
            [
              -90.16224799966899,
              41.61597599988562
            ],
            [
              -90.16246399957906,
              41.61633599979643
            ],
            [
              -90.16196499981177,
              41.61667599991925
            ],
            [
              -90.16142199966356,
              41.617047999762235
            ],
            [
              -90.16068699989472,
              41.61786599966574
            ],
            [
              -90.16058700033561,
              41.61825999994335
            ],
            [
              -90.16072200005482,
              41.618696000114106
            ],
            [
              -90.16103800042231,
              41.619156000204
            ],
            [
              -90.16112600028586,
              41.61927299978085
            ],
            [
              -90.16168199995455,
              41.620004999667756
            ],
            [
              -90.16171799993957,
              41.62011899990976
            ],
            [
              -90.16173999968088,
              41.620186000317254
            ],
            [
              -90.16175399992456,
              41.620234999819466
            ],
            [
              -90.16180199960515,
              41.620381000185056
            ],
            [
              -90.16181800039699,
              41.62043399993701
            ],
            [
              -90.16196099961381,
              41.62087700032875
            ],
            [
              -90.16203400030706,
              41.6213780002714
            ],
            [
              -90.16206100007123,
              41.62156200016716
            ],
            [
              -90.16189100019193,
              41.62262500011499
            ],
            [
              -90.16156099958071,
              41.62364600027842
            ],
            [
              -90.16130000036313,
              41.624164000066045
            ],
            [
              -90.16086400034504,
              41.625032000108895
            ],
            [
              -90.16059800020625,
              41.6256339997962
            ],
            [
              -90.16037300007537,
              41.62614400031346
            ],
            [
              -90.1601780000817,
              41.62754800030736
            ],
            [
              -90.16008799967,
              41.62820099979165
            ],
            [
              -90.16003499996657,
              41.628770999726335
            ],
            [
              -90.15989299967633,
              41.630333000296794
            ],
            [
              -90.15987900033095,
              41.63048100017875
            ],
            [
              -90.15987799960773,
              41.63049499972354
            ],
            [
              -90.15998300008802,
              41.630830999972275
            ],
            [
              -90.16008600002017,
              41.631010000241055
            ],
            [
              -90.16016600038611,
              41.63115100021156
            ],
            [
              -90.16056499969598,
              41.63191100003676
            ],
            [
              -90.1611780001644,
              41.63307599986598
            ],
            [
              -90.161882999796,
              41.634418000223306
            ],
            [
              -90.16198999992613,
              41.634622000109516
            ],
            [
              -90.16246500030228,
              41.63552600020795
            ],
            [
              -90.1636570000056,
              41.63573299969859
            ],
            [
              -90.16453900008754,
              41.635887000104695
            ],
            [
              -90.164671000332,
              41.63590999972832
            ],
            [
              -90.16483100016559,
              41.63593799981363
            ],
            [
              -90.16985599979515,
              41.6368119998625
            ],
            [
              -90.17128900042121,
              41.63706100033042
            ],
            [
              -90.17303599996832,
              41.63736600012113
            ],
            [
              -90.17324299965756,
              41.63740099993878
            ],
            [
              -90.17329999955896,
              41.63762600013483
            ],
            [
              -90.17330600030506,
              41.63765000014519
            ],
            [
              -90.17363199981999,
              41.63895099975285
            ],
            [
              -90.17391300002738,
              41.64006899998534
            ],
            [
              -90.17190500036436,
              41.63989900005827
            ],
            [
              -90.17104800039681,
              41.63982600019679
            ],
            [
              -90.1697040003575,
              41.639713999825474
            ],
            [
              -90.1695069998157,
              41.63969700002788
            ],
            [
              -90.16908300039148,
              41.639660999809735
            ],
            [
              -90.16797600017865,
              41.63956699996591
            ],
            [
              -90.16583399972303,
              41.63938700032509
            ],
            [
              -90.16381400036444,
              41.6392169999416
            ],
            [
              -90.16363299971616,
              41.63954699988143
            ],
            [
              -90.16331200022411,
              41.640131999954995
            ],
            [
              -90.16258900015083,
              41.64144999981804
            ],
            [
              -90.16253200024943,
              41.64155399966931
            ],
            [
              -90.16247500034802,
              41.64165800002408
            ],
            [
              -90.16241699972339,
              41.641764000083825
            ],
            [
              -90.16235899999707,
              41.64186999996922
            ],
            [
              -90.16202599991115,
              41.64247799973057
            ],
            [
              -90.16194200024555,
              41.64263099987234
            ],
            [
              -90.16191399975814,
              41.6426829998729
            ],
            [
              -90.1617770003891,
              41.642931000227755
            ],
            [
              -90.1613689999601,
              41.643678000320456
            ],
            [
              -90.16123300041598,
              41.643926999769505
            ],
            [
              -90.16135300006658,
              41.64405399972455
            ],
            [
              -90.16162699970297,
              41.644345000094226
            ],
            [
              -90.16170799989382,
              41.64444299993213
            ],
            [
              -90.16182099987171,
              41.64457800002644
            ],
            [
              -90.16185000018405,
              41.64461400018284
            ],
            [
              -90.16187100010045,
              41.64463899983209
            ],
            [
              -90.16199999997187,
              41.6447939999918
            ],
            [
              -90.16202599991115,
              41.644825000247515
            ],
            [
              -90.16203900032994,
              41.64484099981065
            ],
            [
              -90.16207899961456,
              41.64488800026647
            ],
            [
              -90.16211299994977,
              41.64492900002199
            ],
            [
              -90.16216700037646,
              41.644984999727754
            ],
            [
              -90.16261500009011,
              41.6454499999476
            ],
            [
              -90.16423500031392,
              41.64712899980735
            ],
            [
              -90.16477599991399,
              41.647688999718824
            ],
            [
              -90.16577000014892,
              41.64788300013039
            ],
            [
              -90.16656199981917,
              41.648039000044534
            ],
            [
              -90.16712300040903,
              41.64813799980705
            ],
            [
              -90.16763800006986,
              41.64822799988624
            ],
            [
              -90.16815299973065,
              41.648319000010055
            ],
            [
              -90.16876100017622,
              41.64842600002074
            ],
            [
              -90.1694719996556,
              41.648551000172
            ],
            [
              -90.16961599959564,
              41.64857600030739
            ],
            [
              -90.16976000043401,
              41.64860199992777
            ],
            [
              -90.16990500019894,
              41.648628000208916
            ],
            [
              -90.17005199961373,
              41.64865499997339
            ],
            [
              -90.1702170003685,
              41.64868299989124
            ],
            [
              -90.17028799961528,
              41.648696000016784
            ],
            [
              -90.17046800043866,
              41.64925599973253
            ],
            [
              -90.17065099983844,
              41.64982799970034
            ],
            [
              -90.17069400039446,
              41.6499550001061
            ],
            [
              -90.17076299999142,
              41.650177999816385
            ],
            [
              -90.17084099980923,
              41.65039799968316
            ],
            [
              -90.17084800038025,
              41.65041500001384
            ],
            [
              -90.17096899985576,
              41.65078799998035
            ],
            [
              -90.17101999990939,
              41.65094699996096
            ],
            [
              -90.17104199965068,
              41.651012000291765
            ],
            [
              -90.17106599994014,
              41.651122000237386
            ],
            [
              -90.17110299975006,
              41.651287000139284
            ],
            [
              -90.17125500008603,
              41.65165300026823
            ],
            [
              -90.17155100036204,
              41.65253600022749
            ],
            [
              -90.1716629996167,
              41.65286699984792
            ],
            [
              -90.17170500034784,
              41.65299100000998
            ],
            [
              -90.17176200024922,
              41.65304700009151
            ],
            [
              -90.17181199957962,
              41.653096000122936
            ],
            [
              -90.17186099998342,
              41.65314500011704
            ],
            [
              -90.1723160002681,
              41.65359399976592
            ],
            [
              -90.17369999959205,
              41.65496000000653
            ],
            [
              -90.17406799983807,
              41.655095000212434
            ],
            [
              -90.17445899965033,
              41.65523900003067
            ],
            [
              -90.17462900042796,
              41.655301999933805
            ],
            [
              -90.17480000013218,
              41.655363999714424
            ],
            [
              -90.17498400025521,
              41.655430999734996
            ],
            [
              -90.17516900020313,
              41.655498999744694
            ],
            [
              -90.17617000011073,
              41.65586700020996
            ],
            [
              -90.18028400024438,
              41.65737800033469
            ],
            [
              -90.18165599987276,
              41.65788199988863
            ],
            [
              -90.1827000003364,
              41.65860000015435
            ],
            [
              -90.18583699995355,
              41.660757999810066
            ],
            [
              -90.18649899992744,
              41.66121299989821
            ],
            [
              -90.18687600039432,
              41.66148899978193
            ],
            [
              -90.1871580004266,
              41.66168800005596
            ],
            [
              -90.18721399960481,
              41.661726999933045
            ],
            [
              -90.18726899985639,
              41.66176599978651
            ],
            [
              -90.18735000004725,
              41.661825000173835
            ],
            [
              -90.18789800021834,
              41.66221399978188
            ],
            [
              -90.18953199978753,
              41.663373999715
            ],
            [
              -90.19119200019432,
              41.66396499977137
            ],
            [
              -90.19226400024705,
              41.664345999830964
            ],
            [
              -90.19237600040003,
              41.66438600003232
            ],
            [
              -90.19257999971623,
              41.66446100009119
            ],
            [
              -90.19458699955432,
              41.66507700000742
            ],
            [
              -90.19602799967801,
              41.665520000267335
            ],
            [
              -90.20123499978077,
              41.6671190001498
            ],
            [
              -90.20345099985624,
              41.667801000168474
            ],
            [
              -90.20425000009749,
              41.668046000195204
            ],
            [
              -90.20664899957275,
              41.668784000278364
            ],
            [
              -90.20744899963891,
              41.66902999976817
            ],
            [
              -90.20772200034871,
              41.66911399975508
            ],
            [
              -90.20854099978314,
              41.669365999729294
            ],
            [
              -90.20881500031783,
              41.66944999994883
            ],
            [
              -90.20899400041797,
              41.66947800022137
            ],
            [
              -90.20953199964501,
              41.66956499981603
            ],
            [
              -90.20971199957006,
              41.66959399987847
            ],
            [
              -90.20978500026331,
              41.6696269999568
            ],
            [
              -90.21056100004004,
              41.66982299972762
            ],
            [
              -90.21103899989092,
              41.669952999801076
            ],
            [
              -90.21228800039397,
              41.67029499995873
            ],
            [
              -90.2123610001889,
              41.67032900017726
            ],
            [
              -90.21502099978008,
              41.671050999828466
            ],
            [
              -90.21635399994871,
              41.67141299978415
            ],
            [
              -90.21678599976885,
              41.671528999980616
            ],
            [
              -90.21763000021595,
              41.67175900013381
            ],
            [
              -90.21809999967091,
              41.67188000007129
            ],
            [
              -90.21853099966613,
              41.67199300001816
            ],
            [
              -90.21879400033018,
              41.672060999985646
            ],
            [
              -90.21972699956741,
              41.67231999975646
            ],
            [
              -90.22198600019891,
              41.672949000229224
            ],
            [
              -90.22328800040542,
              41.6733020001936
            ],
            [
              -90.22447699973569,
              41.67362399976342
            ],
            [
              -90.22517700024274,
              41.67386599978024
            ],
            [
              -90.22727899961708,
              41.67459699989282
            ],
            [
              -90.22798099977395,
              41.6748409997942
            ],
            [
              -90.22801799958388,
              41.674800000290666
            ],
            [
              -90.2280390003986,
              41.67477699978855
            ],
            [
              -90.22807299983546,
              41.67475199975857
            ],
            [
              -90.22813399993484,
              41.67468399995001
            ],
            [
              -90.22817199956967,
              41.674642999675484
            ],
            [
              -90.22924000032276,
              41.675137999836714
            ],
            [
              -90.22974900013577,
              41.67537500010745
            ],
            [
              -90.23053800033128,
              41.676294000129225
            ],
            [
              -90.23151400012455,
              41.67622399979196
            ],
            [
              -90.23190800030984,
              41.67657199991182
            ],
            [
              -90.23216299967967,
              41.67657199991182
            ],
            [
              -90.23270300035313,
              41.67657300031433
            ],
            [
              -90.2326370002309,
              41.67687899997078
            ],
            [
              -90.23293299960861,
              41.6770139998501
            ],
            [
              -90.2335030004193,
              41.677276000323594
            ],
            [
              -90.2341300002331,
              41.678299999984596
            ],
            [
              -90.2341439995785,
              41.678299999984596
            ],
            [
              -90.23461200028197,
              41.67832499997835
            ],
            [
              -90.23504699957682,
              41.67911499974254
            ],
            [
              -90.2357920002897,
              41.679365000102315
            ],
            [
              -90.23588799965086,
              41.6793970001802
            ],
            [
              -90.23598399991035,
              41.67942900024223
            ],
            [
              -90.23605400023052,
              41.67945199975282
            ],
            [
              -90.23612299982751,
              41.679476000283465
            ],
            [
              -90.23618200027705,
              41.67949600004797
            ],
            [
              -90.23594000042773,
              41.68059000030566
            ],
            [
              -90.23577999969584,
              41.680714000087455
            ],
            [
              -90.23492799975114,
              41.68137700013098
            ],
            [
              -90.23451400037266,
              41.68100400021332
            ],
            [
              -90.23448000003746,
              41.680972999926794
            ],
            [
              -90.23343599957384,
              41.68161499989106
            ],
            [
              -90.23287200040755,
              41.68153199977023
            ],
            [
              -90.23248300024511,
              41.681474000325544
            ],
            [
              -90.23055599987464,
              41.682563999935034
            ],
            [
              -90.22921900040636,
              41.68212599979595
            ],
            [
              -90.22809899977474,
              41.682763000143616
            ],
            [
              -90.22806600016277,
              41.68277800003999
            ],
            [
              -90.22686000021574,
              41.68348400024242
            ],
            [
              -90.22615399986091,
              41.68694399969465
            ],
            [
              -90.22740500001379,
              41.68828999979214
            ],
            [
              -90.22734800011239,
              41.68952799973983
            ],
            [
              -90.22678099967472,
              41.69129299978693
            ],
            [
              -90.22678999989556,
              41.692521000099994
            ],
            [
              -90.22690100022362,
              41.692562999870866
            ],
            [
              -90.22806600016277,
              41.693007000275486
            ],
            [
              -90.22814800017854,
              41.69299300022794
            ],
            [
              -90.22975499998356,
              41.6927360001074
            ],
            [
              -90.2303559998581,
              41.69245399976984
            ],
            [
              -90.23085999964826,
              41.691953999837985
            ],
            [
              -90.23162100025466,
              41.69187100030901
            ],
            [
              -90.23186300010401,
              41.69186600015618
            ],
            [
              -90.23204999970176,
              41.69186200016779
            ],
            [
              -90.23236100004637,
              41.692448000177386
            ],
            [
              -90.23240200005426,
              41.69267900018167
            ],
            [
              -90.2324470002601,
              41.69292800001519
            ],
            [
              -90.23245099955975,
              41.69295100006703
            ],
            [
              -90.23245999978057,
              41.69300100006386
            ],
            [
              -90.23083299988409,
              41.69458300004376
            ],
            [
              -90.23086700021926,
              41.69470799980986
            ],
            [
              -90.23113300035804,
              41.69566500009009
            ],
            [
              -90.23115900029731,
              41.6957599999998
            ],
            [
              -90.23132699962848,
              41.69584299987674
            ],
            [
              -90.23308400011966,
              41.6967139997863
            ],
            [
              -90.23415600017238,
              41.69680499980708
            ],
            [
              -90.2349610002614,
              41.69661400016045
            ],
            [
              -90.23551000025742,
              41.696196999789564
            ],
            [
              -90.2358969998717,
              41.696061999910555
            ],
            [
              -90.23663500001359,
              41.69631300025424
            ],
            [
              -90.23684900027382,
              41.69656300019748
            ],
            [
              -90.23716800011606,
              41.696934999709256
            ],
            [
              -90.23686000014449,
              41.69827699976953
            ],
            [
              -90.2369389997872,
              41.69862500001287
            ],
            [
              -90.23696499972647,
              41.69873599983317
            ],
            [
              -90.23699099966574,
              41.69884700013258
            ],
            [
              -90.23701400013027,
              41.69894500020144
            ],
            [
              -90.23703599987158,
              41.69904300012096
            ],
            [
              -90.23708500027539,
              41.69925799979073
            ],
            [
              -90.23715499969725,
              41.699566000314526
            ],
            [
              -90.23797599967983,
              41.70004700005683
            ],
            [
              -90.2383409995528,
              41.70026099968935
            ],
            [
              -90.23851200015535,
              41.70027200006494
            ],
            [
              -90.23902699981616,
              41.70030799993952
            ],
            [
              -90.23905899960322,
              41.70031100003995
            ],
            [
              -90.2391990002436,
              41.70032099970294
            ],
            [
              -90.23932300009216,
              41.70033000000202
            ],
            [
              -90.23948999959842,
              41.70034099969503
            ],
            [
              -90.24036400018275,
              41.70040299969808
            ],
            [
              -90.24065600026081,
              41.700423999696405
            ],
            [
              -90.24118900036329,
              41.700716000239616
            ],
            [
              -90.2412549995872,
              41.70075199986563
            ],
            [
              -90.24288599968168,
              41.701396999698794
            ],
            [
              -90.24345300011933,
              41.7016219996783
            ],
            [
              -90.2440280000546,
              41.701731999679815
            ],
            [
              -90.24432000013263,
              41.70193600033092
            ],
            [
              -90.24449199966178,
              41.70205699986555
            ],
            [
              -90.24450599990548,
              41.70206799993391
            ],
            [
              -90.24495600016728,
              41.702378999746195
            ],
            [
              -90.24571299967742,
              41.703537000204
            ],
            [
              -90.24571000020269,
              41.70395499990553
            ],
            [
              -90.24561899996608,
              41.70418800010956
            ],
            [
              -90.24559200020191,
              41.70426100012065
            ],
            [
              -90.24521399991013,
              41.70470099971856
            ],
            [
              -90.24494799977137,
              41.70479599969383
            ],
            [
              -90.24433100000329,
              41.70500499981587
            ],
            [
              -90.24425800020836,
              41.7050310001237
            ],
            [
              -90.24388300028964,
              41.70498100008987
            ],
            [
              -90.24239299976217,
              41.7048240000127
            ],
            [
              -90.24216699980637,
              41.704801000182805
            ],
            [
              -90.24183600026856,
              41.70506400013814
            ],
            [
              -90.24143500041058,
              41.70538699966959
            ],
            [
              -90.24023699996114,
              41.70636100029688
            ],
            [
              -90.2399869997159,
              41.70656600028169
            ],
            [
              -90.23991300009605,
              41.706626999712576
            ],
            [
              -90.23983899957788,
              41.706687999756284
            ],
            [
              -90.23987200008817,
              41.7067659999477
            ],
            [
              -90.23990600042335,
              41.70684499997636
            ],
            [
              -90.24020799964882,
              41.707544000168575
            ],
            [
              -90.24051800016855,
              41.70826400025832
            ],
            [
              -90.240606999857,
              41.70990000014479
            ],
            [
              -90.24027100029632,
              41.710076000333
            ],
            [
              -90.2395780003603,
              41.71044100033437
            ],
            [
              -90.23951200023807,
              41.71047600000512
            ],
            [
              -90.23944600011582,
              41.710512000202236
            ],
            [
              -90.23938099981848,
              41.71054599996009
            ],
            [
              -90.23931600041948,
              41.71057899982621
            ],
            [
              -90.23871600036985,
              41.71088900017998
            ],
            [
              -90.23816400000082,
              41.71117600014831
            ],
            [
              -90.23835200032178,
              41.712199000224096
            ],
            [
              -90.23873899993606,
              41.71290000021865
            ],
            [
              -90.23904500025783,
              41.71345299993319
            ],
            [
              -90.23909100028858,
              41.71353599977315
            ],
            [
              -90.23913700031933,
              41.713619000176564
            ],
            [
              -90.23917499995416,
              41.71368800023638
            ],
            [
              -90.23921299958901,
              41.713758000046525
            ],
            [
              -90.23924399955115,
              41.713815000065466
            ],
            [
              -90.23934999985634,
              41.71400499976362
            ],
            [
              -90.23912600044868,
              41.714268000289564
            ],
            [
              -90.23905500030357,
              41.714350999747744
            ],
            [
              -90.23901799959532,
              41.714395000313765
            ],
            [
              -90.23890999964028,
              41.71452200008702
            ],
            [
              -90.23883400037063,
              41.71461199990647
            ],
            [
              -90.23875700037775,
              41.71470300008001
            ],
            [
              -90.23872800006542,
              41.71473599982372
            ],
            [
              -90.2383890001317,
              41.71513699980582
            ],
            [
              -90.23819599978785,
              41.71538999972305
            ],
            [
              -90.23802599990854,
              41.715613999889314
            ],
            [
              -90.23678700034955,
              41.717417999828164
            ],
            [
              -90.23516299992778,
              41.71978499971055
            ],
            [
              -90.23469699977245,
              41.720464000241414
            ],
            [
              -90.23431199980799,
              41.72330799987167
            ],
            [
              -90.23408300037745,
              41.72501099969145
            ],
            [
              -90.23450500015184,
              41.72521799983215
            ],
            [
              -90.23493699997198,
              41.72542800024565
            ],
            [
              -90.23623900017846,
              41.726067000097835
            ],
            [
              -90.23645000006564,
              41.72617199967331
            ],
            [
              -90.23656100039375,
              41.726227000148725
            ],
            [
              -90.23667400037165,
              41.726281000277076
            ],
            [
              -90.23675899986215,
              41.72632300012206
            ],
            [
              -90.23684300042605,
              41.7263649999396
            ],
            [
              -90.23701499995518,
              41.72645100008688
            ],
            [
              -90.23710399964365,
              41.726496000040164
            ],
            [
              -90.23777800021143,
              41.72682700014304
            ],
            [
              -90.23795099956547,
              41.7269129996719
            ],
            [
              -90.23866699996604,
              41.727265000254484
            ],
            [
              -90.238671000164,
              41.72799399978858
            ],
            [
              -90.23867399963873,
              41.728534000268176
            ],
            [
              -90.23867700001179,
              41.72915800026453
            ],
            [
              -90.2386490004227,
              41.72918700028244
            ],
            [
              -90.2385869996001,
              41.729250999790146
            ],
            [
              -90.23852499967582,
              41.72931300006954
            ],
            [
              -90.23846399957647,
              41.72937500028903
            ],
            [
              -90.23750500039995,
              41.7303539999643
            ],
            [
              -90.23717599961365,
              41.730688000325614
            ],
            [
              -90.2361089995838,
              41.73177900007098
            ],
            [
              -90.23604500000971,
              41.73184399989125
            ],
            [
              -90.2358960000468,
              41.73231699983062
            ],
            [
              -90.23586300043482,
              41.732420999713014
            ],
            [
              -90.23582999992455,
              41.732525000097425
            ],
            [
              -90.23472000023699,
              41.736062000268824
            ],
            [
              -90.23470500016836,
              41.73611100011044
            ],
            [
              -90.23516999960047,
              41.73801899994869
            ],
            [
              -90.23520200028584,
              41.73815099986043
            ],
            [
              -90.23650899961687,
              41.7407470001868
            ],
            [
              -90.23826600010806,
              41.74184000011127
            ],
            [
              -90.23859499999602,
              41.742010999687686
            ],
            [
              -90.23865600009539,
              41.74204200004427
            ],
            [
              -90.23871800001966,
              41.74207599987764
            ],
            [
              -90.23874700033198,
              41.742092000068965
            ],
            [
              -90.23900900027282,
              41.742244000012164
            ],
            [
              -90.2391270002736,
              41.74231200011719
            ],
            [
              -90.23920500009139,
              41.742356999683835
            ],
            [
              -90.23942699984924,
              41.74248499987247
            ],
            [
              -90.23974400004164,
              41.74225199975225
            ],
            [
              -90.24041400041146,
              41.741759000082396
            ],
            [
              -90.24108399988297,
              41.74126599997893
            ],
            [
              -90.24167999973466,
              41.74082800015166
            ],
            [
              -90.24183000042078,
              41.74071800002561
            ],
            [
              -90.2419790003837,
              41.74060799971113
            ],
            [
              -90.24212599979847,
              41.740500000035595
            ],
            [
              -90.24225700021805,
              41.74049300015588
            ],
            [
              -90.24272699967301,
              41.740468000196174
            ],
            [
              -90.24325700030076,
              41.74043999998845
            ],
            [
              -90.24336799973051,
              41.74043099994299
            ],
            [
              -90.24347400003573,
              41.74042199989631
            ],
            [
              -90.24358399964058,
              41.740411999768504
            ],
            [
              -90.24360299990715,
              41.740410999688606
            ],
            [
              -90.2436909997707,
              41.74040700003913
            ],
            [
              -90.24378500038034,
              41.74040399979915
            ],
            [
              -90.24391699972651,
              41.74039799998909
            ],
            [
              -90.24396299975727,
              41.7403949997487
            ],
            [
              -90.24426800025411,
              41.740383000126286
            ],
            [
              -90.24428499997254,
              41.74061500024861
            ],
            [
              -90.24429400019338,
              41.740737000109604
            ],
            [
              -90.24429800039134,
              41.74079499973142
            ],
            [
              -90.24430099986607,
              41.74085500011723
            ],
            [
              -90.24430599988895,
              41.74091599984866
            ],
            [
              -90.2443589995924,
              41.741662999717256
            ],
            [
              -90.24442399988972,
              41.742551000299436
            ],
            [
              -90.24342700018005,
              41.743957000123814
            ],
            [
              -90.24317000026211,
              41.744321000032464
            ],
            [
              -90.24332500007283,
              41.74452600025116
            ],
            [
              -90.24337600012643,
              41.74459399995024
            ],
            [
              -90.24342700018005,
              41.744661000233904
            ],
            [
              -90.24346700036303,
              41.74471600029443
            ],
            [
              -90.24350800037091,
              41.74477000029584
            ],
            [
              -90.24370800038746,
              41.745034000244765
            ],
            [
              -90.24412500013898,
              41.74558700022444
            ],
            [
              -90.24483499979345,
              41.74553400024005
            ],
            [
              -90.24486400010576,
              41.74553200023978
            ],
            [
              -90.24489500006791,
              41.74553300023992
            ],
            [
              -90.24509900028241,
              41.74553800024039
            ],
            [
              -90.24530400032182,
              41.74554300024047
            ],
            [
              -90.24540499970584,
              41.74554600024034
            ],
            [
              -90.2455059999882,
              41.74554800024016
            ],
            [
              -90.24671100011031,
              41.74557800023018
            ],
            [
              -90.24677800005746,
              41.74565000014898
            ],
            [
              -90.24791700005733,
              41.746876999757305
            ],
            [
              -90.2479070000116,
              41.74693499986521
            ],
            [
              -90.24789699996586,
              41.7470060002957
            ],
            [
              -90.24788600009519,
              41.74707699997748
            ],
            [
              -90.24745000007711,
              41.749684999912965
            ],
            [
              -90.2473930001757,
              41.75003100010762
            ],
            [
              -90.24724900023566,
              41.75090200031204
            ],
            [
              -90.24722699959602,
              41.75103700029153
            ],
            [
              -90.24720499985472,
              41.75117199998717
            ],
            [
              -90.24716399984683,
              41.75141999987463
            ],
            [
              -90.2471610003721,
              41.751440000050756
            ],
            [
              -90.2467739998595,
              41.75431400005104
            ],
            [
              -90.24676399981375,
              41.75438999967336
            ],
            [
              -90.24676200016394,
              41.75440299989075
            ],
            [
              -90.246753999768,
              41.754465999875855
            ],
            [
              -90.24671399958503,
              41.754759999882246
            ],
            [
              -90.24275199978737,
              41.75995899973383
            ],
            [
              -90.23994200040836,
              41.76062399971924
            ],
            [
              -90.23808399963487,
              41.76106499979568
            ],
            [
              -90.23725900035265,
              41.76202999974451
            ],
            [
              -90.23720599975088,
              41.762091999871366
            ],
            [
              -90.23713899980375,
              41.76216800033428
            ],
            [
              -90.23682400015947,
              41.762537000191294
            ],
            [
              -90.23677300010586,
              41.76259800009397
            ],
            [
              -90.23814399990931,
              41.76356600026814
            ],
            [
              -90.23845100005597,
              41.76378299994604
            ],
            [
              -90.23853800009461,
              41.763844000004326
            ],
            [
              -90.23862500013325,
              41.76390599971853
            ],
            [
              -90.23868399968448,
              41.76394700003702
            ],
            [
              -90.23874300013404,
              41.7639890000419
            ],
            [
              -90.24012200033341,
              41.764963000197476
            ],
            [
              -90.24045799989409,
              41.76493700001804
            ],
            [
              -90.24212199960051,
              41.76481400021187
            ],
            [
              -90.243063000132,
              41.76254700022325
            ],
            [
              -90.24545599975947,
              41.762583999791886
            ],
            [
              -90.24716999969462,
              41.76260899985056
            ],
            [
              -90.24718300011341,
              41.762994000194254
            ],
            [
              -90.24718599958814,
              41.763070000258836
            ],
            [
              -90.24718800013628,
              41.76313100032493
            ],
            [
              -90.247238000365,
              41.7646039999324
            ],
            [
              -90.24724199966465,
              41.76471499970629
            ],
            [
              -90.24725000006056,
              41.76494800004368
            ],
            [
              -90.24696899985317,
              41.7652120000937
            ],
            [
              -90.24464200034792,
              41.76739799988505
            ],
            [
              -90.24469599987628,
              41.76807799992196
            ],
            [
              -90.24481200022723,
              41.76951100006436
            ],
            [
              -90.24481999972484,
              41.76960900024421
            ],
            [
              -90.2448239999228,
              41.76966800020511
            ],
            [
              -90.2448389999914,
              41.76984600005351
            ],
            [
              -90.24484400001428,
              41.76990600008683
            ],
            [
              -90.2448449998392,
              41.769929000062426
            ],
            [
              -90.24485099968697,
              41.770004000333245
            ],
            [
              -90.24485499988494,
              41.770031000087684
            ],
            [
              -90.2449019997406,
              41.77062900029697
            ],
            [
              -90.2449920001523,
              41.77172099969395
            ],
            [
              -90.2446549998684,
              41.77219700008976
            ],
            [
              -90.24458200007346,
              41.77229800027542
            ],
            [
              -90.24432699980534,
              41.77265799994213
            ],
            [
              -90.2442749999268,
              41.77281100010981
            ],
            [
              -90.24403399990238,
              41.7735160002134
            ],
            [
              -90.24344300007358,
              41.77480500029689
            ],
            [
              -90.24338500034726,
              41.774934000308576
            ],
            [
              -90.2427750002519,
              41.77558800030178
            ],
            [
              -90.24216900035451,
              41.77637100012651
            ],
            [
              -90.2420150003687,
              41.776880000154414
            ],
            [
              -90.24224999964703,
              41.780804000070006
            ],
            [
              -90.2423800002417,
              41.782964000154436
            ],
            [
              -90.24323499966113,
              41.78253099997014
            ],
            [
              -90.24579999971606,
              41.781234000187325
            ],
            [
              -90.24665599985872,
              41.78080199982907
            ],
            [
              -90.24692600019546,
              41.78066600004435
            ],
            [
              -90.2471970003571,
              41.78052899984643
            ],
            [
              -90.24724199966465,
              41.780506000322326
            ],
            [
              -90.24863099990978,
              41.77980499989067
            ],
            [
              -90.24901400022442,
              41.77965000005275
            ],
            [
              -90.24962299959655,
              41.77940399968338
            ],
            [
              -90.24973899994751,
              41.77935699967697
            ],
            [
              -90.25008700010207,
              41.779216000121046
            ],
            [
              -90.25012800010994,
              41.779199999805
            ],
            [
              -90.250159999897,
              41.77918500030064
            ],
            [
              -90.25020199972978,
              41.77916600020881
            ],
            [
              -90.2518849997028,
              41.778391000268414
            ],
            [
              -90.25693799981977,
              41.7760689997694
            ],
            [
              -90.25862199961769,
              41.77529500012553
            ],
            [
              -90.2588619998172,
              41.775052999969795
            ],
            [
              -90.2595029998747,
              41.774640000277735
            ],
            [
              -90.25984600000638,
              41.77441900026513
            ],
            [
              -90.26061400028549,
              41.77384800003866
            ],
            [
              -90.26096599973968,
              41.773588000281045
            ],
            [
              -90.26162299969072,
              41.77310100019253
            ],
            [
              -90.26328599957223,
              41.7721119998235
            ],
            [
              -90.26469599973376,
              41.771474999729215
            ],
            [
              -90.26583800010667,
              41.771185999935334
            ],
            [
              -90.26585400000022,
              41.771182000193306
            ],
            [
              -90.26729500012388,
              41.77086699996318
            ],
            [
              -90.26827900031306,
              41.77065300029208
            ],
            [
              -90.26847099993367,
              41.77061099995974
            ],
            [
              -90.26865900025466,
              41.770569000269845
            ],
            [
              -90.26969399959916,
              41.7702860001114
            ],
            [
              -90.26975800007156,
              41.77025800017935
            ],
            [
              -90.27188799993333,
              41.76956100013379
            ],
            [
              -90.27847800043342,
              41.767407999829416
            ],
            [
              -90.27863300024413,
              41.76735800009197
            ],
            [
              -90.27973600025899,
              41.7666189997631
            ],
            [
              -90.28041800032439,
              41.76616200011804
            ],
            [
              -90.28045099993636,
              41.766139000131965
            ],
            [
              -90.28055100039377,
              41.76607299983484
            ],
            [
              -90.28058499983065,
              41.766051000167394
            ],
            [
              -90.28059599970129,
              41.76604300004282
            ],
            [
              -90.28063099986142,
              41.766019000333095
            ],
            [
              -90.28064299955696,
              41.76601199988565
            ],
            [
              -90.28089299980222,
              41.76584400030786
            ],
            [
              -90.28164299963967,
              41.765340999966696
            ],
            [
              -90.28189399970985,
              41.76517399966611
            ],
            [
              -90.28190999960336,
              41.765166999796506
            ],
            [
              -90.28209799992435,
              41.76507699977744
            ],
            [
              -90.28228700007021,
              41.76498700030221
            ],
            [
              -90.28232899990302,
              41.764965999959806
            ],
            [
              -90.28355199956847,
              41.76438599997451
            ],
            [
              -90.28359699977433,
              41.76430199978691
            ],
            [
              -90.28383000030115,
              41.76387900006649
            ],
            [
              -90.28394099973092,
              41.763680000320136
            ],
            [
              -90.28455099982628,
              41.76308200033132
            ],
            [
              -90.28484499955415,
              41.76280999970035
            ],
            [
              -90.28535599991532,
              41.76234100018826
            ],
            [
              -90.28635299962497,
              41.76156200031236
            ],
            [
              -90.28769699966426,
              41.76054500013914
            ],
            [
              -90.28840200019418,
              41.76015699985643
            ],
            [
              -90.28920599956,
              41.75971499979156
            ],
            [
              -90.28973199998977,
              41.75950699981131
            ],
            [
              -90.29232100033416,
              41.75758400001163
            ],
            [
              -90.29438300042385,
              41.75605400006337
            ],
            [
              -90.300160000439,
              41.75191000005125
            ],
            [
              -90.30241499997422,
              41.75029399994362
            ],
            [
              -90.30259800027233,
              41.75016200019629
            ],
            [
              -90.30278200039534,
              41.75003100010762
            ],
            [
              -90.30368600021858,
              41.749243000108784
            ],
            [
              -90.30452499974449,
              41.748609999971755
            ],
            [
              -90.30527499958194,
              41.74787899991669
            ],
            [
              -90.30607999967098,
              41.74713100000385
            ],
            [
              -90.3066799997206,
              41.74659500031186
            ],
            [
              -90.30724399978521,
              41.746091999891966
            ],
            [
              -90.30801500043738,
              41.745303999800875
            ],
            [
              -90.30894600002479,
              41.74440300019849
            ],
            [
              -90.30907400007132,
              41.74428099992983
            ],
            [
              -90.30997299987169,
              41.74342000004099
            ],
            [
              -90.3106509997391,
              41.74259999988197
            ],
            [
              -90.31087800041813,
              41.74232500009948
            ],
            [
              -90.31156999963095,
              41.74135900007189
            ],
            [
              -90.31225199969634,
              41.7404020003094
            ],
            [
              -90.31260900007172,
              41.73993899978567
            ],
            [
              -90.31365799965991,
              41.73790499989794
            ],
            [
              -90.31447000031996,
              41.73648500032367
            ],
            [
              -90.31464699987197,
              41.73617699971483
            ],
            [
              -90.3150019996992,
              41.73562600011426
            ],
            [
              -90.31528100025677,
              41.73499399996147
            ],
            [
              -90.31554900004538,
              41.734426000008185
            ],
            [
              -90.31565299980245,
              41.734039000225565
            ],
            [
              -90.31577099980322,
              41.73359999985795
            ],
            [
              -90.31590700024567,
              41.73228099978055
            ],
            [
              -90.3164029996399,
              41.729511000193305
            ],
            [
              -90.31656199964856,
              41.72892800016755
            ],
            [
              -90.31612999982843,
              41.728768999729894
            ],
            [
              -90.31626200007291,
              41.72823500016119
            ],
            [
              -90.3163959999672,
              41.72770100017639
            ],
            [
              -90.31658099991513,
              41.72696100016964
            ],
            [
              -90.31662500029606,
              41.726809000258214
            ],
            [
              -90.31704799989535,
              41.72535500013504
            ],
            [
              -90.31724299988906,
              41.724536000280864
            ],
            [
              -90.31742600018714,
              41.72369400026905
            ],
            [
              -90.31766800003648,
              41.722688999814636
            ],
            [
              -90.31753800034014,
              41.722062999952016
            ],
            [
              -90.31755199968552,
              41.721279000200276
            ],
            [
              -90.31755500005858,
              41.721079000093816
            ],
            [
              -90.31756599992924,
              41.72089000023579
            ],
            [
              -90.31760899958694,
              41.720223000221566
            ],
            [
              -90.31754199963979,
              41.7195630001393
            ],
            [
              -90.31747399986772,
              41.718877999666866
            ],
            [
              -90.31742100016427,
              41.718332999728354
            ],
            [
              -90.31699699984175,
              41.71729399972097
            ],
            [
              -90.3165430002803,
              41.71603800026988
            ],
            [
              -90.31645500041675,
              41.71581899987222
            ],
            [
              -90.31610600043732,
              41.714950000189056
            ],
            [
              -90.31549100031907,
              41.71369700000549
            ],
            [
              -90.31518699964712,
              41.71303200011231
            ],
            [
              -90.31489600029231,
              41.71239600026499
            ],
            [
              -90.31427799980102,
              41.71135300005774
            ],
            [
              -90.31376899998799,
              41.71033900016966
            ],
            [
              -90.31331999955111,
              41.7094940002276
            ],
            [
              -90.31316599956534,
              41.708804000231254
            ],
            [
              -90.31301300030277,
              41.70808699989117
            ],
            [
              -90.31289299975386,
              41.70752800008992
            ],
            [
              -90.31281699958586,
              41.70688699978226
            ],
            [
              -90.31272200004962,
              41.70607999995574
            ],
            [
              -90.31266699979805,
              41.70458099976101
            ],
            [
              -90.312783000149,
              41.70366000004215
            ],
            [
              -90.31277399992818,
              41.702850999964774
            ],
            [
              -90.3127699997302,
              41.70242599978974
            ],
            [
              -90.3128609999668,
              41.701417000026936
            ],
            [
              -90.31292399971599,
              41.700495999925934
            ],
            [
              -90.31293299993682,
              41.700430999917856
            ],
            [
              -90.31305199976251,
              41.699630999855465
            ],
            [
              -90.31327000022071,
              41.69883600018397
            ],
            [
              -90.31343500007716,
              41.69808200019769
            ],
            [
              -90.31382400023958,
              41.69701000007502
            ],
            [
              -90.31398599972297,
              41.69652500005407
            ],
            [
              -90.31419099976239,
              41.69591299966538
            ],
            [
              -90.31468700005495,
              41.6948300003186
            ],
            [
              -90.31535099967866,
              41.69392100004439
            ],
            [
              -90.31598099986552,
              41.69298900030964
            ],
            [
              -90.31639000011943,
              41.692570000277215
            ],
            [
              -90.31663199996878,
              41.69232199988634
            ],
            [
              -90.31731499985906,
              41.691669999761324
            ],
            [
              -90.31834599990391,
              41.69083499977959
            ],
            [
              -90.31930900017669,
              41.69021799997642
            ],
            [
              -90.31992400029493,
              41.689721000029465
            ],
            [
              -90.32037000035876,
              41.68946100031722
            ],
            [
              -90.32100499967017,
              41.689093000001606
            ],
            [
              -90.32225800037118,
              41.68848599975209
            ],
            [
              -90.32323400016443,
              41.687932999960005
            ],
            [
              -90.32336899988366,
              41.687851999722355
            ],
            [
              -90.32377599958944,
              41.68761100020107
            ],
            [
              -90.32391200003187,
              41.687532000022365
            ],
            [
              -90.32497300021393,
              41.686860999739196
            ],
            [
              -90.32589600030376,
              41.686292000071454
            ],
            [
              -90.32695699958752,
              41.685639999878745
            ],
            [
              -90.32807100037135,
              41.685128999703494
            ],
            [
              -90.32897099999663,
              41.684717000051975
            ],
            [
              -90.33022200014949,
              41.68395399968373
            ],
            [
              -90.33068800030482,
              41.683609999730045
            ],
            [
              -90.33144300016515,
              41.683054000058746
            ],
            [
              -90.33187499998527,
              41.68267499996547
            ],
            [
              -90.33248099988269,
              41.68214600007865
            ],
            [
              -90.33327400027616,
              41.68132200019091
            ],
            [
              -90.3335300003692,
              41.681026000169545
            ],
            [
              -90.33362099970746,
              41.680920000311325
            ],
            [
              -90.33385699970903,
              41.68057299988952
            ],
            [
              -90.33393600025005,
              41.68045800023215
            ],
            [
              -90.33399099960333,
              41.68037600030424
            ],
            [
              -90.33452500042902,
              41.67955899970152
            ],
            [
              -90.33472100024761,
              41.67859500009681
            ],
            [
              -90.33483099985247,
              41.67805599977755
            ],
            [
              -90.33509000031854,
              41.676279000063346
            ],
            [
              -90.33534899988632,
              41.674576999947874
            ],
            [
              -90.33547500028301,
              41.67325000008287
            ],
            [
              -90.3355020000472,
              41.67296699976295
            ],
            [
              -90.3355449997049,
              41.672480999850436
            ]
          ]
        ]
      },
      "properties": {
        "MTFCC": "G4020",
        "OID": "27590362790853",
        "GEOID": "17161",
        "STATE": "17",
        "COUNTY": "161",
        "COUNTYNS": "00424282",
        "BASENAME": "Rock Island",
        "NAME": "Rock Island County",
        "LSADC": "06",
        "FUNCSTAT": "A",
        "COUNTYCC": "H1",
        "AREALAND": "1107212296",
        "AREAWATER": "61631349",
        "OBJECTID": 3057,
        "CENTLAT": "+41.4674027",
        "CENTLON": "-090.5680428",
        "INTPTLAT": "+41.4684205",
        "INTPTLON": "-090.5721252"
      }
    }
  ]
}
